userCardNo,real_collection_date,category,img_url
2Y5DSM48,2025.8.6,와이셔츠,https://cloudfront.laundrygo.com/smartfactory/smartfactory_20250807005200_8301ff36f31d45bcb26eb997830d6a73.jpeg
86BNR2K3,2025.8.6,와이셔츠,https://cloudfront.laundrygo.com/smartfactory/smartfactory_20250807053105_89d5c5093a9d4651809fe4a9e2ad3aed.jpeg
JC1PB4D0,2025.8.6,와이셔츠,https://cloudfront.laundrygo.com/smartfactory/smartfactory_20250807052205_4a96293008d347d7b079c3f4a0e61fed.jpeg
8MC89PTD,2025.8.7,와이셔츠,https://cloudfront.laundrygo.com/smartfactory/smartfactory_20250808021902_6e68f950c203488d86c84d9f020931c5.jpeg
45WXISEL,2025.8.7,일반셔츠,https://cloudfront.laundrygo.com/smartfactory/smartfactory_20250808061706_eba05a56faf34f06b74a2ef4f20d4e2c.jpeg
UDWOV7M2,2025.8.7,일반셔츠,https://cloudfront.laundrygo.com/smartfactory/smartfactory_20250808031503_68f907af425f4507802d2d5f467084b6.jpeg
UDWOV7M2,2025.8.7,일반셔츠,https://cloudfront.laundrygo.com/smartfactory/smartfactory_20250808031603_63b7e11da6954b338e8c1442751adf13.jpeg
GVWBKFEI,2025.8.7,일반셔츠,https://cloudfront.laundrygo.com/smartfactory/smartfactory_20250808102210_57044fc896f34b2a9be0659803296a63.jpeg
845ETACN,2025.8.7,와이셔츠,https://cloudfront.laundrygo.com/smartfactory/smartfactory_20250808130913_0efe46ade01747d28aaca5c4102770e6.jpeg
OP8M1AA3,2025.8.7,와이셔츠,https://cloudfront.laundrygo.com/smartfactory/smartfactory_20250808024002_bf5a5c5b2a1c49eb99a545c12cb0f1e5.jpeg
OP8M1AA3,2025.8.7,와이셔츠,https://cloudfront.laundrygo.com/smartfactory/smartfactory_20250808024002_20da1163a2f44e58a889f404a6c71c62.jpeg
OP8M1AA3,2025.8.7,와이셔츠,https://cloudfront.laundrygo.com/smartfactory/smartfactory_20250808024002_3443c67609054d9f813cd54d4df4ff50.jpeg
OP8M1AA3,2025.8.7,와이셔츠,https://cloudfront.laundrygo.com/smartfactory/smartfactory_20250808024002_f9da2a12b67b4a968f66cbb7848d4cd5.jpeg
OP8M1AA3,2025.8.7,와이셔츠,https://cloudfront.laundrygo.com/smartfactory/smartfactory_20250808024102_e38e140e914e4b7aa964c6ddf4c6d65a.jpeg
OP8M1AA3,2025.8.7,와이셔츠,https://cloudfront.laundrygo.com/smartfactory/smartfactory_20250808024102_51b22b91c046417e904065e54ae2106b.jpeg
ASJ4Q5WR,2025.8.8,와이셔츠,https://cloudfront.laundrygo.com/smartfactory/smartfactory_20250809023802_914dbcf6f75a4719a6b82da41677b885.jpeg
ASJ4Q5WR,2025.8.8,와이셔츠,https://cloudfront.laundrygo.com/smartfactory/smartfactory_20250809023902_5efc132479a4418f950f503485203b8f.jpeg
ASJ4Q5WR,2025.8.8,일반셔츠,https://cloudfront.laundrygo.com/smartfactory/smartfactory_20250809023702_49172e8e217245b4a399d43835a8179d.jpeg
76K6BC89,2025.8.8,와이셔츠,https://cloudfront.laundrygo.com/smartfactory/smartfactory_20250809014301_327de63076814d3abb5b757d614ba35e.jpeg
76K6BC89,2025.8.8,와이셔츠,https://cloudfront.laundrygo.com/smartfactory/smartfactory_20250809014301_61ba20fbb43a4fc08554fdd0878e3d33.jpeg
76K6BC89,2025.8.8,와이셔츠,https://cloudfront.laundrygo.com/smartfactory/smartfactory_20250809014301_a152fb596ae64ae7b3ccf1e6f954121c.jpeg
76K6BC89,2025.8.8,와이셔츠,https://cloudfront.laundrygo.com/smartfactory/smartfactory_20250809014301_780c77ee33334f35a913f0d6744da90e.jpeg
76K6BC89,2025.8.8,일반셔츠,https://cloudfront.laundrygo.com/smartfactory/smartfactory_20250809014201_d5daeda6434c45db9d9f0794a1329a75.jpeg
RNBX7YSD,2025.8.8,일반셔츠,https://cloudfront.laundrygo.com/smartfactory/smartfactory_20250809042504_cc75208c35ae490f804d5925e38df5cb.jpeg
XHH0DT03,2025.8.8,일반셔츠,https://cloudfront.laundrygo.com/smartfactory/smartfactory_20250809034903_c03dbc1f2c7c4d8f8c48f09314624d1f.jpeg
Y2T4QE83,2025.8.8,와이셔츠,https://cloudfront.laundrygo.com/smartfactory/smartfactory_20250809061606_ab36e6659119459396c571109a62afa8.jpeg
Y2T4QE83,2025.8.8,와이셔츠,https://cloudfront.laundrygo.com/smartfactory/smartfactory_20250809061706_90af2fdc6585486a8c4ee70fec770ab9.jpeg
Y2T4QE83,2025.8.8,일반셔츠,https://cloudfront.laundrygo.com/smartfactory/smartfactory_20250809061806_6bd05094eb44466ba7f67fd6c084f6bf.jpeg
MODQ3GT2,2025.8.8,와이셔츠,https://cloudfront.laundrygo.com/smartfactory/smartfactory_20250809024302_ccec1d27305b4505924e5586a611eba9.jpeg
MODQ3GT2,2025.8.8,와이셔츠,https://cloudfront.laundrygo.com/smartfactory/smartfactory_20250809024402_59beb2db74c945658d57b96dbc9dd282.jpeg
MODQ3GT2,2025.8.8,와이셔츠,https://cloudfront.laundrygo.com/smartfactory/smartfactory_20250809024502_6bbd427be5e84e4bb4681bbc19625427.jpeg
MODQ3GT2,2025.8.8,와이셔츠,https://cloudfront.laundrygo.com/smartfactory/smartfactory_20250809024502_d87dcc188404462e842d75041b1ca37f.jpeg
U2DTD8RO,2025.8.8,일반셔츠,https://cloudfront.laundrygo.com/smartfactory/smartfactory_20250809100910_1d941d88eafd4a66a49788506db5428e.jpeg
R5LA935F,2025.8.8,와이셔츠,https://cloudfront.laundrygo.com/smartfactory/smartfactory_20250810071307_d7bf93d80cb34ccebf48582259d0ff22.jpeg
R5LA935F,2025.8.8,와이셔츠,https://cloudfront.laundrygo.com/smartfactory/smartfactory_20250810071307_a1603a9f15a94964867c3a4889bbda3b.jpeg
R5LA935F,2025.8.8,와이셔츠,https://cloudfront.laundrygo.com/smartfactory/smartfactory_20250810071407_1da866748566494ca664760851891c15.jpeg
R5LA935F,2025.8.8,와이셔츠,https://cloudfront.laundrygo.com/smartfactory/smartfactory_20250810071507_2a01384603be4774af642b805109fc88.jpeg
R5LA935F,2025.8.8,일반셔츠,https://cloudfront.laundrygo.com/smartfactory/smartfactory_20250810071207_53b38f0d14f14516ae4811aeca5334ba.jpeg
R5LA935F,2025.8.8,일반셔츠,https://cloudfront.laundrygo.com/smartfactory/smartfactory_20250810071307_6a148539cf194d01a961ff0bf0a7b341.jpeg
LUUGZBF5,2025.8.9,와이셔츠,https://cloudfront.laundrygo.com/smartfactory/smartfactory_20250810001400_0d35727166c343c2b2bfae1aa0c58311.jpeg
LUUGZBF5,2025.8.9,와이셔츠,https://cloudfront.laundrygo.com/smartfactory/smartfactory_20250810001700_ef6aee6475054aa1a6e7077e9d5e7eb1.jpeg
LUUGZBF5,2025.8.9,와이셔츠,https://cloudfront.laundrygo.com/smartfactory/smartfactory_20250810001700_9d936858e9854be8b642175a46839446.jpeg
LUUGZBF5,2025.8.9,와이셔츠,https://cloudfront.laundrygo.com/smartfactory/smartfactory_20250810001800_b2182524a78042518a084d4cb244f226.jpeg
YZZ7MWRL,2025.8.9,와이셔츠,https://cloudfront.laundrygo.com/smartfactory/smartfactory_20250810055905_c72976b2273a46b2ba10b8e24decb455.jpeg
YZZ7MWRL,2025.8.9,일반셔츠,https://cloudfront.laundrygo.com/smartfactory/smartfactory_20250810060006_9de6cee0e66048ac94c0d97d49129c85.jpeg
YZZ7MWRL,2025.8.9,일반셔츠,https://cloudfront.laundrygo.com/smartfactory/smartfactory_20250810060006_dc3bae9506114748b4586c6a5346db85.jpeg
YZZ7MWRL,2025.8.9,일반셔츠,https://cloudfront.laundrygo.com/smartfactory/smartfactory_20250810060006_134a69098573421a8a9e959b7ff26599.jpeg
YZZ7MWRL,2025.8.9,일반셔츠,https://cloudfront.laundrygo.com/smartfactory/smartfactory_20250810060106_cfc0e47bef6047c9b0a19d555909f578.jpeg
V7HCX6D0,2025.8.9,와이셔츠,https://cloudfront.laundrygo.com/smartfactory/smartfactory_20250810011001_68f6a01b44074a1095f0c24fa1950637.jpeg
V7HCX6D0,2025.8.9,와이셔츠,https://cloudfront.laundrygo.com/smartfactory/smartfactory_20250810011201_4c0986aa61db4cc58202d77fb514fbb0.jpeg
V7HCX6D0,2025.8.9,일반셔츠,https://cloudfront.laundrygo.com/smartfactory/smartfactory_20250810011401_3cb0016b943642ef80c781b779312a0f.jpeg
V7HCX6D0,2025.8.9,일반셔츠,https://cloudfront.laundrygo.com/smartfactory/smartfactory_20250810011501_9062b77bd05d4c4e9b4eeec7d1b29930.jpeg
V7HCX6D0,2025.8.9,일반셔츠,https://cloudfront.laundrygo.com/smartfactory/smartfactory_20250810011901_bd61f5ddfd72440ab196256442bb3e1f.jpeg
V7HCX6D0,2025.8.9,일반셔츠,https://cloudfront.laundrygo.com/smartfactory/smartfactory_20250810012001_fc85732483a54dbeadbe786523125fab.jpeg
W4JH9RHN,2025.8.9,와이셔츠,https://cloudfront.laundrygo.com/smartfactory/smartfactory_20250810002100_00e5d33902584553ab4333d81936b73d.jpeg
W4JH9RHN,2025.8.9,일반셔츠,https://cloudfront.laundrygo.com/smartfactory/smartfactory_20250810002100_aa3c9c19afa2488e8a30f6b3048cd96e.jpeg
BUQT9RB3,2025.8.10,와이셔츠,https://cloudfront.laundrygo.com/smartfactory/smartfactory_20250811162516_330df5404fb34430a104cdae5926f6ad.jpeg
GSHKANZM,2025.8.10,와이셔츠,https://cloudfront.laundrygo.com/smartfactory/smartfactory_20250811065906_05fa5eafcee540a7be89fb5a71f3fa44.jpeg
GSHKANZM,2025.8.10,일반셔츠,https://cloudfront.laundrygo.com/smartfactory/smartfactory_20250811070007_b5f96bba40b34fc0bd0e7ebe098584c9.jpeg
NJ5SZABP,2025.8.10,와이셔츠,https://cloudfront.laundrygo.com/smartfactory/smartfactory_20250811001800_cd383c17c8a24d54b29bec9e8fd3c41c.jpeg
CF4EXSN3,2025.8.10,와이셔츠,https://cloudfront.laundrygo.com/smartfactory/smartfactory_20250811034903_ec50c73eedbd412d9392c194172e9272.jpeg
CF4EXSN3,2025.8.10,일반셔츠,https://cloudfront.laundrygo.com/smartfactory/smartfactory_20250811034803_f66fd91478c1443eab8b7b91c65212a2.jpeg
SSVQUE6Q,2025.8.10,와이셔츠,https://cloudfront.laundrygo.com/smartfactory/smartfactory_20250811045304_7883f3ce4bc143fdbfeab957ebe649a6.jpeg
SSVQUE6Q,2025.8.10,와이셔츠,https://cloudfront.laundrygo.com/smartfactory/smartfactory_20250811045504_e4d79e0c8b984fe0bee0745b80a52883.jpeg
SSVQUE6Q,2025.8.10,와이셔츠,https://cloudfront.laundrygo.com/smartfactory/smartfactory_20250811045604_f20f3b7fc4da448ea5b6b4238ac374e8.jpeg
SSVQUE6Q,2025.8.10,일반셔츠,https://cloudfront.laundrygo.com/smartfactory/smartfactory_20250811045604_730f18b71d284388a3ceae182f34afda.jpeg
JC1PB4D0,2025.8.10,일반셔츠,https://cloudfront.laundrygo.com/smartfactory/smartfactory_20250811035303_b7498fe5ec16454289fd75b828522b31.jpeg
3MZWPFTC,2025.8.10,와이셔츠,https://cloudfront.laundrygo.com/smartfactory/smartfactory_20250811073207_74a2b9662b514960814a69e31a99c6af.jpeg
3MZWPFTC,2025.8.10,와이셔츠,https://cloudfront.laundrygo.com/smartfactory/smartfactory_20250811073307_2aab566e49fa496fb45b108efdcf9e57.jpeg
3MZWPFTC,2025.8.10,와이셔츠,https://cloudfront.laundrygo.com/smartfactory/smartfactory_20250811073307_844c90b9a37740958fe803c9ca42f818.jpeg
3MZWPFTC,2025.8.10,와이셔츠,https://cloudfront.laundrygo.com/smartfactory/smartfactory_20250811073307_e0c43797d3fe4a37ad1f7292ade46238.jpeg
3MZWPFTC,2025.8.10,와이셔츠,https://cloudfront.laundrygo.com/smartfactory/smartfactory_20250811073407_338b5245e0f44ee59b3ed1e44d13e999.jpeg
UQAF7PCB,2025.8.11,와이셔츠,https://cloudfront.laundrygo.com/smartfactory/smartfactory_20250812042404_b2458dce649f4b8fbcfa8aa117d6b03c.jpeg
UQAF7PCB,2025.8.11,와이셔츠,https://cloudfront.laundrygo.com/smartfactory/smartfactory_20250812042504_6d7e22bf9900415d89c757a22833ddd2.jpeg
UQAF7PCB,2025.8.11,와이셔츠,https://cloudfront.laundrygo.com/smartfactory/smartfactory_20250812042504_77cb8cd9eb484caab1a71301fbf3afd7.jpeg
UQAF7PCB,2025.8.11,와이셔츠,https://cloudfront.laundrygo.com/smartfactory/smartfactory_20250812042604_f826ecf6629048b9b8ff3ee76ce4eb55.jpeg
T8E6FEJW,2025.8.11,와이셔츠,https://cloudfront.laundrygo.com/smartfactory/smartfactory_20250812053205_e592261a163944d4b30d0edd6cf5768f.jpeg
9SL1YYE4,2025.8.11,와이셔츠,https://cloudfront.laundrygo.com/smartfactory/smartfactory_20250812052205_accf00a17eb144cfaecb4d8cdf71d8e9.jpeg
IXRRIYAJ,2025.8.11,일반셔츠,https://cloudfront.laundrygo.com/smartfactory/smartfactory_20250812101210_73e68d806913465bb507a4afcbaa33bb.jpeg
IXRRIYAJ,2025.8.11,일반셔츠,https://cloudfront.laundrygo.com/smartfactory/smartfactory_20250812101610_1bc65df27d624341a1852e70f898317c.jpeg
QV78M8P9,2025.8.12,와이셔츠,https://cloudfront.laundrygo.com/smartfactory/smartfactory_20250813014701_388aa1e67dbe4671901dc5d6767392bb.jpeg
QV78M8P9,2025.8.12,일반셔츠,https://cloudfront.laundrygo.com/smartfactory/smartfactory_20250813014601_a75c723d9df843ffb9c13f14ebab594a.jpeg
QV78M8P9,2025.8.12,일반셔츠,https://cloudfront.laundrygo.com/smartfactory/smartfactory_20250813014701_00c2e337eeb6400ba704d470dd28d938.jpeg
MWZ1GY0S,2025.8.12,일반셔츠,https://cloudfront.laundrygo.com/smartfactory/smartfactory_20250813012401_c64d9df5372445ed95498ae39f800995.jpeg
W4JH9RHN,2025.8.12,일반셔츠,https://cloudfront.laundrygo.com/smartfactory/smartfactory_20250813053705_4e2d355018e743788669c849b22bbfc8.jpeg
BGQD38SR,2025.8.12,와이셔츠,https://cloudfront.laundrygo.com/smartfactory/smartfactory_20250813060306_d31dfd1d27414935a22dbd341dfc3acc.jpeg
BGQD38SR,2025.8.12,와이셔츠,https://cloudfront.laundrygo.com/smartfactory/smartfactory_20250813060406_ed33660b03604273a354508dd54c1f01.jpeg
BGQD38SR,2025.8.12,와이셔츠,https://cloudfront.laundrygo.com/smartfactory/smartfactory_20250813060406_6e598c880e0c4e4b881a010a4d00d9e9.jpeg
BGQD38SR,2025.8.12,와이셔츠,https://cloudfront.laundrygo.com/smartfactory/smartfactory_20250813060406_4c2e279e185b424699768271bcbd5c53.jpeg
ICNKZ2VE,2025.8.13,일반셔츠,https://cloudfront.laundrygo.com/smartfactory/smartfactory_20250814063506_7742db97faea405fb651b413516c6c16.jpeg
ICNKZ2VE,2025.8.13,일반셔츠,https://cloudfront.laundrygo.com/smartfactory/smartfactory_20250814063606_8eb5de9933ff49acb3fb29a0f1f5de79.jpeg
ICNKZ2VE,2025.8.13,일반셔츠,https://cloudfront.laundrygo.com/smartfactory/smartfactory_20250814063606_86317e9dacd04537842400eeee17f7c7.jpeg
ICNKZ2VE,2025.8.13,일반셔츠,https://cloudfront.laundrygo.com/smartfactory/smartfactory_20250814063706_824d9868db41464db79216ea83842a9c.jpeg
K4H90WNS,2025.8.13,와이셔츠,https://cloudfront.laundrygo.com/smartfactory/smartfactory_20250814033103_450fdab1a7174b75b709414c365201bb.jpeg
K4H90WNS,2025.8.13,일반셔츠,https://cloudfront.laundrygo.com/smartfactory/smartfactory_20250814032903_3b4f935cf96649209a1f35b7a14914f6.jpeg
GVRSSYRJ,2025.8.14,일반셔츠,https://cloudfront.laundrygo.com/smartfactory/smartfactory_20250815015901_3de27d592560474692709c4e98de2c90.jpeg
Y2T4QE83,2025.8.14,와이셔츠,https://cloudfront.laundrygo.com/smartfactory/smartfactory_20250815102010_942956b049c2494fa9007a37833a23eb.jpeg
Y2T4QE83,2025.8.14,와이셔츠,https://cloudfront.laundrygo.com/smartfactory/smartfactory_20250815102210_884a4f0811e14e9da73e7c11b788b9b3.jpeg
Y2T4QE83,2025.8.14,와이셔츠,https://cloudfront.laundrygo.com/smartfactory/smartfactory_20250815102310_43d6a83872bc466a88bdde1887d3a2a3.jpeg
Y2T4QE83,2025.8.14,와이셔츠,https://cloudfront.laundrygo.com/smartfactory/smartfactory_20250815102410_b748403a8cdd4d389c83fea65f283e4d.jpeg
JC1PB4D0,2025.8.14,와이셔츠,https://cloudfront.laundrygo.com/smartfactory/smartfactory_20250815080508_98bf1028a11e4a43af4bb2277feed3e1.jpeg
J1MCKRAU,2025.8.14,와이셔츠,https://cloudfront.laundrygo.com/smartfactory/smartfactory_20250815081008_f41c3ab178894b75aed5d965d4cd4f30.jpeg
J1MCKRAU,2025.8.14,와이셔츠,https://cloudfront.laundrygo.com/smartfactory/smartfactory_20250815081108_dd1141a8e44b4a81bdb1ec9f6e8d3208.jpeg
J1MCKRAU,2025.8.14,와이셔츠,https://cloudfront.laundrygo.com/smartfactory/smartfactory_20250815081108_610dcb4ea24740a786fa123d2f8da8ce.jpeg
J1MCKRAU,2025.8.14,와이셔츠,https://cloudfront.laundrygo.com/smartfactory/smartfactory_20250815081108_ef2bd09713f2497fb0bfb2f04c6e15aa.jpeg
R5LA935F,2025.8.14,와이셔츠,https://cloudfront.laundrygo.com/smartfactory/smartfactory_20250816003200_0abdc468ded34ad28264e1dc996929d9.jpeg
R5LA935F,2025.8.14,와이셔츠,https://cloudfront.laundrygo.com/smartfactory/smartfactory_20250816003300_1d38bac757334b77bc33a98fb218593f.jpeg
R5LA935F,2025.8.14,와이셔츠,https://cloudfront.laundrygo.com/smartfactory/smartfactory_20250816003300_95c82190cb44424bbe8e6c55a8503770.jpeg
R5LA935F,2025.8.14,일반셔츠,https://cloudfront.laundrygo.com/smartfactory/smartfactory_20250816003200_bbd35467cc9a4d6ca926a6e828728f2b.jpeg
BUQT9RB3,2025.8.15,와이셔츠,https://cloudfront.laundrygo.com/smartfactory/smartfactory_20250816145814_7c15349f9f994602acee92d8c990e26f.jpeg
EL2TR2R9,2025.8.15,일반셔츠,https://cloudfront.laundrygo.com/smartfactory/smartfactory_20250816063806_2af015a8b78d4b5aa230e26b14f9b69c.jpeg
ASJ4Q5WR,2025.8.15,와이셔츠,https://cloudfront.laundrygo.com/smartfactory/smartfactory_20250816080008_8b34942501814636bbe573b1ee506e8d.jpeg
ASJ4Q5WR,2025.8.15,와이셔츠,https://cloudfront.laundrygo.com/smartfactory/smartfactory_20250816080108_b8f6a8fdc0f5413e84ca7cd40fdf1cd1.jpeg
2Y5DSM48,2025.8.15,와이셔츠,https://cloudfront.laundrygo.com/smartfactory/smartfactory_20250816011101_017f1965dd2941829640d1ba36d0564c.jpeg
2Y5DSM48,2025.8.15,와이셔츠,https://cloudfront.laundrygo.com/smartfactory/smartfactory_20250816011101_438f0dd4587e4a43a9fbffeebe51860a.jpeg
MWZ1GY0S,2025.8.15,와이셔츠,https://cloudfront.laundrygo.com/smartfactory/smartfactory_20250816004300_1b653f5db9e64762a640bc388f8907eb.jpeg
V7HCX6D0,2025.8.15,와이셔츠,https://cloudfront.laundrygo.com/smartfactory/smartfactory_20250816051605_8019132252754d22acacba241c5f0c12.jpeg
V7HCX6D0,2025.8.15,일반셔츠,https://cloudfront.laundrygo.com/smartfactory/smartfactory_20250816051505_c53566e934114fb093099f64b4c560c0.jpeg
V7HCX6D0,2025.8.15,일반셔츠,https://cloudfront.laundrygo.com/smartfactory/smartfactory_20250816051505_abd73c1d598a439483a14c175a577aa0.jpeg
V7HCX6D0,2025.8.15,일반셔츠,https://cloudfront.laundrygo.com/smartfactory/smartfactory_20250816051605_523b657cf4e84c1caf2bafe35e1a860e.jpeg
MODQ3GT2,2025.8.15,와이셔츠,https://cloudfront.laundrygo.com/smartfactory/smartfactory_20250816044604_76f3ab17d543495e9c4e75e16442520e.jpeg
MODQ3GT2,2025.8.15,와이셔츠,https://cloudfront.laundrygo.com/smartfactory/smartfactory_20250816044704_4e084103ab0c436f8c928783f159c7ab.jpeg
MODQ3GT2,2025.8.15,와이셔츠,https://cloudfront.laundrygo.com/smartfactory/smartfactory_20250816044704_4300a1da9f78456db8826a35bbb4e88a.jpeg
MODQ3GT2,2025.8.15,와이셔츠,https://cloudfront.laundrygo.com/smartfactory/smartfactory_20250816044704_f19fa5651f704ad1b3669f51d1af60a6.jpeg
GGE6DSVW,2025.8.15,와이셔츠,https://cloudfront.laundrygo.com/smartfactory/smartfactory_20250816002600_9c884475827d4337994416a322db7594.jpeg
GGE6DSVW,2025.8.15,와이셔츠,https://cloudfront.laundrygo.com/smartfactory/smartfactory_20250816002700_9cf8ba108e824d4dbb1148cba1f3e588.jpeg
GGE6DSVW,2025.8.15,와이셔츠,https://cloudfront.laundrygo.com/smartfactory/smartfactory_20250816002700_a64a021814524d519c2d27787aa855c2.jpeg
GGE6DSVW,2025.8.15,와이셔츠,https://cloudfront.laundrygo.com/smartfactory/smartfactory_20250816002800_dbc91fa5d9004cf5bb259397f367a9e0.jpeg
GGE6DSVW,2025.8.15,일반셔츠,https://cloudfront.laundrygo.com/smartfactory/smartfactory_20250816002600_42557ef041414e9d924a86f5f4d94c6b.jpeg
GGE6DSVW,2025.8.15,일반셔츠,https://cloudfront.laundrygo.com/smartfactory/smartfactory_20250816002900_811d9f67dd5c482bb2d590be8581da89.jpeg
3ZJHQZX1,2025.8.15,와이셔츠,https://cloudfront.laundrygo.com/smartfactory/smartfactory_20250816045704_abab47eab3244c5ba1d0461adcf67268.jpeg
3ZJHQZX1,2025.8.15,와이셔츠,https://cloudfront.laundrygo.com/smartfactory/smartfactory_20250816045804_f134e868d9d24bf3a8d674f7bf82e0e6.jpeg
YZZ7MWRL,2025.8.16,일반셔츠,https://cloudfront.laundrygo.com/smartfactory/smartfactory_20250817012901_3f2d5f19e46c46408fbb17a8aa396f44.jpeg
YZZ7MWRL,2025.8.16,일반셔츠,https://cloudfront.laundrygo.com/smartfactory/smartfactory_20250817012901_dcb5b17d835d45cfb78599812c8b1597.jpeg
YZZ7MWRL,2025.8.16,일반셔츠,https://cloudfront.laundrygo.com/smartfactory/smartfactory_20250817013001_9b4f225a09bc46d4ad2029fa71b4ce92.jpeg
MVTHZ2WK,2025.8.16,와이셔츠,https://cloudfront.laundrygo.com/smartfactory/smartfactory_20250817062806_6ea8cb1045614da8b767bc676d9ade81.jpeg
MVTHZ2WK,2025.8.16,와이셔츠,https://cloudfront.laundrygo.com/smartfactory/smartfactory_20250817062906_6ce4466c3d374e2690146d713443ea15.jpeg
MVTHZ2WK,2025.8.16,와이셔츠,https://cloudfront.laundrygo.com/smartfactory/smartfactory_20250817063006_6de39fda08514d98a81257ad0c352ba2.jpeg
MVTHZ2WK,2025.8.16,일반셔츠,https://cloudfront.laundrygo.com/smartfactory/smartfactory_20250817063306_c92d304310104b39a7b5201bb00853d5.jpeg
BU5VJDRB,2025.8.16,일반셔츠,https://cloudfront.laundrygo.com/smartfactory/smartfactory_20250817030703_0bb1d1b99b4d4885b292b93acaf0a07f.jpeg
FHKESRS8,2025.8.16,와이셔츠,https://cloudfront.laundrygo.com/smartfactory/smartfactory_20250817022602_9dc566dd34274ffb8a4ae48ca8cde67b.jpeg
FHKESRS8,2025.8.16,와이셔츠,https://cloudfront.laundrygo.com/smartfactory/smartfactory_20250817022602_661f896b3e684ed7a4dbe61117ac5e20.jpeg
OP8M1AA3,2025.8.16,와이셔츠,https://cloudfront.laundrygo.com/smartfactory/smartfactory_20250817021002_cefa998afdcd4eb7a976d4a9a0939d93.jpeg
OP8M1AA3,2025.8.16,와이셔츠,https://cloudfront.laundrygo.com/smartfactory/smartfactory_20250817021102_e92839469c124e33adfe7b306800b0b6.jpeg
OP8M1AA3,2025.8.16,와이셔츠,https://cloudfront.laundrygo.com/smartfactory/smartfactory_20250817021102_43db6c07f3ce4de08ac90df1897cb001.jpeg
OP8M1AA3,2025.8.16,와이셔츠,https://cloudfront.laundrygo.com/smartfactory/smartfactory_20250817021102_cbefa04a99f84261923b949d7db337de.jpeg
OP8M1AA3,2025.8.16,와이셔츠,https://cloudfront.laundrygo.com/smartfactory/smartfactory_20250817021102_4528295a4e6f4cc6ba28bad9dd8f3c05.jpeg
GSHKANZM,2025.8.17,일반셔츠,https://cloudfront.laundrygo.com/smartfactory/smartfactory_20250818031903_6def6f12cc854a25badd8c96f6c9c560.jpeg
GSHKANZM,2025.8.17,일반셔츠,https://cloudfront.laundrygo.com/smartfactory/smartfactory_20250818031903_1d843dae5d1e4ef18a9c57948c7f9aa6.jpeg
GSHKANZM,2025.8.17,일반셔츠,https://cloudfront.laundrygo.com/smartfactory/smartfactory_20250818032003_d769ad74a471453786fed4eacec029b3.jpeg
SSVQUE6Q,2025.8.17,와이셔츠,https://cloudfront.laundrygo.com/smartfactory/smartfactory_20250818085008_3c47e64d377646c6a432a9404be9ea3c.jpeg
SSVQUE6Q,2025.8.17,일반셔츠,https://cloudfront.laundrygo.com/smartfactory/smartfactory_20250818084808_ea06a2e2d1e44017bfe99936d581fa8d.jpeg
YTYI58HG,2025.8.17,와이셔츠,https://cloudfront.laundrygo.com/smartfactory/smartfactory_20250818022802_36a7316a8f4a44298fad7f3ad0d075c0.jpeg
JC1PB4D0,2025.8.17,일반셔츠,https://cloudfront.laundrygo.com/smartfactory/smartfactory_20250818095609_94cf12a41eb94c858c216b77aaa5cf12.jpeg
R5LA935F,2025.8.17,일반셔츠,https://cloudfront.laundrygo.com/smartfactory/smartfactory_20250819012901_5ee923ca76864b7ca30f7c07ddf5d487.jpeg
3MZWPFTC,2025.8.17,와이셔츠,https://cloudfront.laundrygo.com/smartfactory/smartfactory_20250818042404_0d3c4400cab64c6a8abba677a1719422.jpeg
3MZWPFTC,2025.8.17,와이셔츠,https://cloudfront.laundrygo.com/smartfactory/smartfactory_20250818042504_74a171dd51ef4d92ae0953db97c0d702.jpeg
3MZWPFTC,2025.8.17,와이셔츠,https://cloudfront.laundrygo.com/smartfactory/smartfactory_20250818042504_b08c543070d34ae5a20fff02a9be6e11.jpeg
3MZWPFTC,2025.8.17,와이셔츠,https://cloudfront.laundrygo.com/smartfactory/smartfactory_20250818042604_bb6540763b784a529bf47c445ba38fd0.jpeg
3MZWPFTC,2025.8.17,와이셔츠,https://cloudfront.laundrygo.com/smartfactory/smartfactory_20250818042604_eb2bec3b2c544b86b4c4f5f80b8dc67f.jpeg
6DLQGTBF,2025.8.18,와이셔츠,https://cloudfront.laundrygo.com/smartfactory/smartfactory_20250819035903_f80f0c8a0c934dd8b0dd8b25561e1202.jpeg
JJBXMWPT,2025.8.18,와이셔츠,https://cloudfront.laundrygo.com/smartfactory/smartfactory_20250819085908_7caed36d71de4ef1aca4230a6c74ce90.jpeg
JJBXMWPT,2025.8.18,와이셔츠,https://cloudfront.laundrygo.com/smartfactory/smartfactory_20250819085908_b2e983732e90490ba8dd84f06cc04a33.jpeg
907MFCA9,2025.8.18,일반셔츠,https://cloudfront.laundrygo.com/smartfactory/smartfactory_20250819084408_93ddf8dfa8824800a9c7df4f0c77d20f.jpeg
BUQT9RB3,2025.8.19,와이셔츠,https://cloudfront.laundrygo.com/smartfactory/smartfactory_20250820044404_96caf4b471c945a89925b297097ddc32.jpeg
GVRSSYRJ,2025.8.19,와이셔츠,https://cloudfront.laundrygo.com/smartfactory/smartfactory_20250820004800_ca4ae91b9f524d99a0389493f025950a.jpeg
PP5GIVG3,2025.8.19,와이셔츠,https://cloudfront.laundrygo.com/smartfactory/smartfactory_20250820032003_ff604ce106394d249b58df799c15d5f5.jpeg
PP5GIVG3,2025.8.19,와이셔츠,https://cloudfront.laundrygo.com/smartfactory/smartfactory_20250820032103_3027146c6c494d218878803acc89dac6.jpeg
PP5GIVG3,2025.8.19,와이셔츠,https://cloudfront.laundrygo.com/smartfactory/smartfactory_20250820032103_ef727428c0c84521a913228e274fe332.jpeg
XHH0DT03,2025.8.19,와이셔츠,https://cloudfront.laundrygo.com/smartfactory/smartfactory_20250820033903_d666b9011a994fb8aee7ee2f6d45171d.jpeg
45WXISEL,2025.8.19,일반셔츠,https://cloudfront.laundrygo.com/smartfactory/smartfactory_20250820064306_87f8ace549964503abbb1aa2bfe228cd.jpeg
45WXISEL,2025.8.19,일반셔츠,https://cloudfront.laundrygo.com/smartfactory/smartfactory_20250820064406_65805c875a09424db344a9c4c6a98476.jpeg
MWZ1GY0S,2025.8.19,와이셔츠,https://cloudfront.laundrygo.com/smartfactory/smartfactory_20250820013601_597aa60e2b1747f8bc5bb07d461c05c1.jpeg
W4JH9RHN,2025.8.19,와이셔츠,https://cloudfront.laundrygo.com/smartfactory/smartfactory_20250820052005_dcfdb1bcf24449a298380ae5f6329027.jpeg
BGQD38SR,2025.8.19,와이셔츠,https://cloudfront.laundrygo.com/smartfactory/smartfactory_20250820060206_630be69191f64c2fb537b612af00a85e.jpeg
BGQD38SR,2025.8.19,와이셔츠,https://cloudfront.laundrygo.com/smartfactory/smartfactory_20250820060206_e30d21eedac544a1b0b547117b679165.jpeg
BGQD38SR,2025.8.19,와이셔츠,https://cloudfront.laundrygo.com/smartfactory/smartfactory_20250820060306_d219a35418f843eba308b2f3a0ab505a.jpeg
GK9XEPAK,2025.8.19,와이셔츠,https://cloudfront.laundrygo.com/smartfactory/smartfactory_20250820074207_be984ac503834026bc334906878512be.jpeg
LUUGZBF5,2025.8.20,와이셔츠,https://cloudfront.laundrygo.com/smartfactory/smartfactory_20250821010501_b6ea787c90c34d8989e22510b9178a64.jpeg
LUUGZBF5,2025.8.20,와이셔츠,https://cloudfront.laundrygo.com/smartfactory/smartfactory_20250821010501_b33035bfee6744f48ac6d27c1564a131.jpeg
LUUGZBF5,2025.8.20,와이셔츠,https://cloudfront.laundrygo.com/smartfactory/smartfactory_20250821010601_12678c6b6c844e8cbf1fac34a5fda7d7.jpeg
LUUGZBF5,2025.8.20,와이셔츠,https://cloudfront.laundrygo.com/smartfactory/smartfactory_20250821010801_a9ab1ee4bdf94a51b8eed692dd3cf944.jpeg
LUUGZBF5,2025.8.20,일반셔츠,https://cloudfront.laundrygo.com/smartfactory/smartfactory_20250821010901_cff9579302fc48fe96c1c78370b3235d.jpeg
QV78M8P9,2025.8.20,일반셔츠,https://cloudfront.laundrygo.com/smartfactory/smartfactory_20250821062506_d2fb3e493f8449329b257bb48f7354d2.jpeg
QV78M8P9,2025.8.20,일반셔츠,https://cloudfront.laundrygo.com/smartfactory/smartfactory_20250821062506_6093ef63239948ccaea93b634f2823f4.jpeg
86BNR2K3,2025.8.20,와이셔츠,https://cloudfront.laundrygo.com/smartfactory/smartfactory_20250821070107_211b437065bd451ba8767a3dcc05d53c.jpeg
86BNR2K3,2025.8.20,와이셔츠,https://cloudfront.laundrygo.com/smartfactory/smartfactory_20250821070307_15d2c66f56ad4cd182d5dc4b2f84dfe7.jpeg
86BNR2K3,2025.8.20,와이셔츠,https://cloudfront.laundrygo.com/smartfactory/smartfactory_20250821070307_0a1dafa933414a9594132adc07b1a1f6.jpeg
MWZ1GY0S,2025.8.20,와이셔츠,https://cloudfront.laundrygo.com/smartfactory/smartfactory_20250821055905_04d44beb9f0d4b819c0499ec72295d87.jpeg
U2DTD8RO,2025.8.20,일반셔츠,https://cloudfront.laundrygo.com/smartfactory/smartfactory_20250821100510_a846b8cb9d2c41499467d7c12964646e.jpeg
JJBXMWPT,2025.8.21,와이셔츠,https://cloudfront.laundrygo.com/smartfactory/smartfactory_20250822032103_33bade1873754db9a85ff1774cb0428a.jpeg
T8E6FEJW,2025.8.21,일반셔츠,https://cloudfront.laundrygo.com/smartfactory/smartfactory_20250822023002_88d5548343b244aea2b3b082e577a9b8.jpeg
ICNKZ2VE,2025.8.21,일반셔츠,https://cloudfront.laundrygo.com/smartfactory/smartfactory_20250822062806_af3b24b0ee4d4f06890c6d4dde8087af.jpeg
ICNKZ2VE,2025.8.21,일반셔츠,https://cloudfront.laundrygo.com/smartfactory/smartfactory_20250822062806_a25c72c67724426ba4aa8b682b47880e.jpeg
ICNKZ2VE,2025.8.21,일반셔츠,https://cloudfront.laundrygo.com/smartfactory/smartfactory_20250822062906_1223f8e9e93b4b55ace44b1aeb51125a.jpeg
ICNKZ2VE,2025.8.21,일반셔츠,https://cloudfront.laundrygo.com/smartfactory/smartfactory_20250822063006_6d8f3725c1ed4e3986676d3713f11820.jpeg
XHH0DT03,2025.8.21,와이셔츠,https://cloudfront.laundrygo.com/smartfactory/smartfactory_20250822045804_712b5933f6394fb88fb3a83ad1c3fcb8.jpeg
Y2T4QE83,2025.8.21,와이셔츠,https://cloudfront.laundrygo.com/smartfactory/smartfactory_20250822113411_129593e59e204fd6aa340d133953f903.jpeg
Y2T4QE83,2025.8.21,와이셔츠,https://cloudfront.laundrygo.com/smartfactory/smartfactory_20250822113411_565d02dbbffa4f55a5088e98f4e0eb84.jpeg
Y2T4QE83,2025.8.21,와이셔츠,https://cloudfront.laundrygo.com/smartfactory/smartfactory_20250822113411_4751239031f749e89e5891c61f189739.jpeg
Y2T4QE83,2025.8.21,와이셔츠,https://cloudfront.laundrygo.com/smartfactory/smartfactory_20250822113511_2cf96458d3614fe1825100054fdf10b1.jpeg
Y2T4QE83,2025.8.21,와이셔츠,https://cloudfront.laundrygo.com/smartfactory/smartfactory_20250822113611_3143fdeab8254f6088b2a953ce7dbab1.jpeg
Y2T4QE83,2025.8.21,와이셔츠,https://cloudfront.laundrygo.com/smartfactory/smartfactory_20250822113711_ee58adc45cc24d8ca4945210e0cc8a21.jpeg
Y2T4QE83,2025.8.21,와이셔츠,https://cloudfront.laundrygo.com/smartfactory/smartfactory_20250822114011_91859b289a1c4a58a9e72411cd160c93.jpeg
GVWBKFEI,2025.8.21,와이셔츠,https://cloudfront.laundrygo.com/smartfactory/smartfactory_20250822100610_41540ad4fcf343e9974797d4ce9ef6e7.jpeg
GVWBKFEI,2025.8.21,와이셔츠,https://cloudfront.laundrygo.com/smartfactory/smartfactory_20250822100910_8a563da5889b4736b1bec4734b3a55bb.jpeg
GVWBKFEI,2025.8.21,일반셔츠,https://cloudfront.laundrygo.com/smartfactory/smartfactory_20250822100610_eadef55985da4a0d9f72af80f2f89c59.jpeg
R5LA935F,2025.8.21,와이셔츠,https://cloudfront.laundrygo.com/smartfactory/smartfactory_20250823012201_6f5adb3925f74d5284b4b403e7b866ab.jpeg
R5LA935F,2025.8.21,와이셔츠,https://cloudfront.laundrygo.com/smartfactory/smartfactory_20250823012301_78b0b6b7e05c4a5ba5113990df176e20.jpeg
R5LA935F,2025.8.21,와이셔츠,https://cloudfront.laundrygo.com/smartfactory/smartfactory_20250823012401_ac8c4699f40c40709558fd8fbe60470c.jpeg
R5LA935F,2025.8.21,일반셔츠,https://cloudfront.laundrygo.com/smartfactory/smartfactory_20250823012201_a346d04ed57743fd9c94b0e5538f00e6.jpeg
R5LA935F,2025.8.21,일반셔츠,https://cloudfront.laundrygo.com/smartfactory/smartfactory_20250823012301_e0377e1f7d59403b988a8640007ee7dd.jpeg
GSHKANZM,2025.8.22,일반셔츠,https://cloudfront.laundrygo.com/smartfactory/smartfactory_20250823014201_2a73eb77f04845fe8f6b21f8cb2a68ae.jpeg
GSHKANZM,2025.8.22,일반셔츠,https://cloudfront.laundrygo.com/smartfactory/smartfactory_20250823014301_4ff7a85c82f94f77befe92125d7c9a69.jpeg
GSHKANZM,2025.8.22,일반셔츠,https://cloudfront.laundrygo.com/smartfactory/smartfactory_20250823014301_b84eb13b47484b8bbe1de282be3c3288.jpeg
EL2TR2R9,2025.8.22,일반셔츠,https://cloudfront.laundrygo.com/smartfactory/smartfactory_20250823052905_0892c389ff5d498d8e2c5aaaa06c83a3.jpeg
AZD3BJMZ,2025.8.22,와이셔츠,https://cloudfront.laundrygo.com/smartfactory/smartfactory_20250823034403_b7336ff11ec64c4eb1ba88d5429c94ce.jpeg
AZD3BJMZ,2025.8.22,와이셔츠,https://cloudfront.laundrygo.com/smartfactory/smartfactory_20250823034403_ae9fd77583bf4ea795e333a1de8d66d0.jpeg
AZD3BJMZ,2025.8.22,일반셔츠,https://cloudfront.laundrygo.com/smartfactory/smartfactory_20250823034403_734d592f492744948f16902d950a1147.jpeg
5PJTZX7B,2025.8.22,와이셔츠,https://cloudfront.laundrygo.com/smartfactory/smartfactory_20250823002700_5525a2f276284ca18166ca460c0c8313.jpeg
ASJ4Q5WR,2025.8.22,와이셔츠,https://cloudfront.laundrygo.com/smartfactory/smartfactory_20250823034303_4fe60f082ece412883c48563bd3190fa.jpeg
ASJ4Q5WR,2025.8.22,와이셔츠,https://cloudfront.laundrygo.com/smartfactory/smartfactory_20250823034303_291f7214895f4616a8f2de4d204febd8.jpeg
ASJ4Q5WR,2025.8.22,와이셔츠,https://cloudfront.laundrygo.com/smartfactory/smartfactory_20250823034303_2a58335f1cff4b53bb685d96b553af98.jpeg
ASJ4Q5WR,2025.8.22,와이셔츠,https://cloudfront.laundrygo.com/smartfactory/smartfactory_20250823034303_3661b31ea1db4babb7cd619dbf990a93.jpeg
9SL1YYE4,2025.8.22,와이셔츠,https://cloudfront.laundrygo.com/smartfactory/smartfactory_20250823054905_6e7c47e47aca46ad8fa4b8c9aa372c99.jpeg
SSVQUE6Q,2025.8.22,와이셔츠,https://cloudfront.laundrygo.com/smartfactory/smartfactory_20250823082008_cdcb679438694bbe89f07e787132ac24.jpeg
SSVQUE6Q,2025.8.22,와이셔츠,https://cloudfront.laundrygo.com/smartfactory/smartfactory_20250823082008_136d19686b3347e6a32dd0f28bb46951.jpeg
MODQ3GT2,2025.8.22,와이셔츠,https://cloudfront.laundrygo.com/smartfactory/smartfactory_20250823014101_038764bad0ac4398ac0f7536d98f6886.jpeg
MODQ3GT2,2025.8.22,와이셔츠,https://cloudfront.laundrygo.com/smartfactory/smartfactory_20250823014101_46b81468f8ac426bb1050e46ad1ad080.jpeg
MODQ3GT2,2025.8.22,와이셔츠,https://cloudfront.laundrygo.com/smartfactory/smartfactory_20250823014201_456dc13b85d5487c8c6e1cec9f3fac0a.jpeg
MODQ3GT2,2025.8.22,와이셔츠,https://cloudfront.laundrygo.com/smartfactory/smartfactory_20250823014201_73e507138930499ea6527ebfe53c769a.jpeg
MODQ3GT2,2025.8.22,와이셔츠,https://cloudfront.laundrygo.com/smartfactory/smartfactory_20250823014201_e299b21c02714ff296258b4e5997032b.jpeg
6GS9JIYM,2025.8.22,일반셔츠,https://cloudfront.laundrygo.com/smartfactory/smartfactory_20250823180518_9f9d5a9d1e80413ea83077f1f7ce8bcb.jpeg
J1MCKRAU,2025.8.22,와이셔츠,https://cloudfront.laundrygo.com/smartfactory/smartfactory_20250823053105_06856947d78641039f977f26dd9128f3.jpeg
J1MCKRAU,2025.8.22,와이셔츠,https://cloudfront.laundrygo.com/smartfactory/smartfactory_20250823053105_ccd7a86b91e74b16b444620b45faeb29.jpeg
J1MCKRAU,2025.8.22,와이셔츠,https://cloudfront.laundrygo.com/smartfactory/smartfactory_20250823053105_848e59d7212a46e7812b3bd798e02ecb.jpeg
J1MCKRAU,2025.8.22,와이셔츠,https://cloudfront.laundrygo.com/smartfactory/smartfactory_20250823053205_2aa72bb6946c4a7ea282e03e41e6f7e8.jpeg
J1MCKRAU,2025.8.22,와이셔츠,https://cloudfront.laundrygo.com/smartfactory/smartfactory_20250823053205_73a6066be3154bf59bce91dd542b2fc9.jpeg
FHKESRS8,2025.8.22,와이셔츠,https://cloudfront.laundrygo.com/smartfactory/smartfactory_20250823002100_e3bb6cb039ab4965847d334923922ba8.jpeg
FHKESRS8,2025.8.22,와이셔츠,https://cloudfront.laundrygo.com/smartfactory/smartfactory_20250823002200_283d64a733d544179b49d91f98cc1fee.jpeg
BUQT9RB3,2025.8.23,와이셔츠,https://cloudfront.laundrygo.com/smartfactory/smartfactory_20250825103810_504e27770d21442a8bf42cebb7ae7bb8.jpeg
BUQT9RB3,2025.8.23,일반셔츠,https://cloudfront.laundrygo.com/smartfactory/smartfactory_20250825103910_c99f74147dee4713aa1b27734ec28321.jpeg
YZZ7MWRL,2025.8.23,일반셔츠,https://cloudfront.laundrygo.com/smartfactory/smartfactory_20250824085408_100835bfc49a4998ab78235f51f3b873.jpeg
YZZ7MWRL,2025.8.23,일반셔츠,https://cloudfront.laundrygo.com/smartfactory/smartfactory_20250824085508_7e0dfd684d984b9892a6f24f32929426.jpeg
YZZ7MWRL,2025.8.23,일반셔츠,https://cloudfront.laundrygo.com/smartfactory/smartfactory_20250824085608_505eb8e303f048b7a5d8fb19cf177927.jpeg
MVTHZ2WK,2025.8.23,와이셔츠,https://cloudfront.laundrygo.com/smartfactory/smartfactory_20250824003500_21cf2bf047fb47748631bcf93ee2a8e7.jpeg
MVTHZ2WK,2025.8.23,와이셔츠,https://cloudfront.laundrygo.com/smartfactory/smartfactory_20250824003500_05359a218b384514bd54041e17d46a72.jpeg
MVTHZ2WK,2025.8.23,와이셔츠,https://cloudfront.laundrygo.com/smartfactory/smartfactory_20250824003500_8cbb4b2f4f90489c91f6821b5bad5fa9.jpeg
MVTHZ2WK,2025.8.23,와이셔츠,https://cloudfront.laundrygo.com/smartfactory/smartfactory_20250824003600_bd02fb07960e47298afc3965293fc790.jpeg
MVTHZ2WK,2025.8.23,일반셔츠,https://cloudfront.laundrygo.com/smartfactory/smartfactory_20250824003400_13435b82fc734fdcbb4aa109017ee817.jpeg
3YGPHYZV,2025.8.23,와이셔츠,https://cloudfront.laundrygo.com/smartfactory/smartfactory_20250824073207_7377143cfa594c46b259d2de25408133.jpeg
3YGPHYZV,2025.8.23,와이셔츠,https://cloudfront.laundrygo.com/smartfactory/smartfactory_20250824073307_52ded2e7d55147f592ca04b666d0163f.jpeg
XACKZLB8,2025.8.23,일반셔츠,https://cloudfront.laundrygo.com/smartfactory/smartfactory_20250824074807_a0103059134a4665af62bf99182ab19f.jpeg
XACKZLB8,2025.8.23,일반셔츠,https://cloudfront.laundrygo.com/smartfactory/smartfactory_20250824074907_408f8bf490f94450b63dc1e6ce4fbe25.jpeg
XACKZLB8,2025.8.23,일반셔츠,https://cloudfront.laundrygo.com/smartfactory/smartfactory_20250824074907_47f7468e309140469830aa2ce58eb605.jpeg
XACKZLB8,2025.8.23,일반셔츠,https://cloudfront.laundrygo.com/smartfactory/smartfactory_20250824075007_fdbdfdab91b9459b8cbe4a6e08ca668e.jpeg
XACKZLB8,2025.8.23,일반셔츠,https://cloudfront.laundrygo.com/smartfactory/smartfactory_20250824075007_4ec40383d2c74887aebef89ee678c578.jpeg
76K6BC89,2025.8.23,와이셔츠,https://cloudfront.laundrygo.com/smartfactory/smartfactory_20250824015801_95ea8e0a6763444eb45f91d4ffc626ee.jpeg
76K6BC89,2025.8.23,와이셔츠,https://cloudfront.laundrygo.com/smartfactory/smartfactory_20250824015801_7027693726a94400988e84401a393185.jpeg
76K6BC89,2025.8.23,와이셔츠,https://cloudfront.laundrygo.com/smartfactory/smartfactory_20250824015901_38c7493b6b8048679ac3eed5f3dc4272.jpeg
76K6BC89,2025.8.23,와이셔츠,https://cloudfront.laundrygo.com/smartfactory/smartfactory_20250824015901_af8f2699768e4e3a892d19df14f1d309.jpeg
76K6BC89,2025.8.23,와이셔츠,https://cloudfront.laundrygo.com/smartfactory/smartfactory_20250824015901_bb51987f7ac54c19b469f209cf387ecd.jpeg
76K6BC89,2025.8.23,와이셔츠,https://cloudfront.laundrygo.com/smartfactory/smartfactory_20250824015901_5132df5c95844ddbbf623b124102752f.jpeg
76K6BC89,2025.8.23,와이셔츠,https://cloudfront.laundrygo.com/smartfactory/smartfactory_20250824020002_db0854eeb8794bccad8b5fe8e2f199e5.jpeg
76K6BC89,2025.8.23,와이셔츠,https://cloudfront.laundrygo.com/smartfactory/smartfactory_20250824020002_8792a15cfad44cd2a1399f4c72b5050b.jpeg
RNBX7YSD,2025.8.23,일반셔츠,https://cloudfront.laundrygo.com/smartfactory/smartfactory_20250824022202_a1340fa317b746aaa063c2f41ee78ad1.jpeg
MWZ1GY0S,2025.8.23,와이셔츠,https://cloudfront.laundrygo.com/smartfactory/smartfactory_20250824084808_3fda7b38949a4a98bfac41aaff986d7a.jpeg
V7HCX6D0,2025.8.23,와이셔츠,https://cloudfront.laundrygo.com/smartfactory/smartfactory_20250824010201_59910693a0d4495db1949a6dabe97222.jpeg
V7HCX6D0,2025.8.23,와이셔츠,https://cloudfront.laundrygo.com/smartfactory/smartfactory_20250824010301_6ef0a975bd5245bea8a08061fbc81b44.jpeg
V7HCX6D0,2025.8.23,일반셔츠,https://cloudfront.laundrygo.com/smartfactory/smartfactory_20250824010101_4e11e0e9c3b844efa1e2cde38566c80d.jpeg
V7HCX6D0,2025.8.23,일반셔츠,https://cloudfront.laundrygo.com/smartfactory/smartfactory_20250824010301_872e8c08e5c340a99406ae0c5b78a6ee.jpeg
V7HCX6D0,2025.8.23,일반셔츠,https://cloudfront.laundrygo.com/smartfactory/smartfactory_20250824010401_52969ec7a8d3486e98951ed48c3d0301.jpeg
V7HCX6D0,2025.8.23,일반셔츠,https://cloudfront.laundrygo.com/smartfactory/smartfactory_20250824010501_290253b4418447ccb01cf0d348530642.jpeg
BGQD38SR,2025.8.23,와이셔츠,https://cloudfront.laundrygo.com/smartfactory/smartfactory_20250824064606_18175ea069c04fe89ac7dfabb9899243.jpeg
BGQD38SR,2025.8.23,와이셔츠,https://cloudfront.laundrygo.com/smartfactory/smartfactory_20250824064606_14caac27645c469088b03160437fea5c.jpeg
BGQD38SR,2025.8.23,와이셔츠,https://cloudfront.laundrygo.com/smartfactory/smartfactory_20250824064706_7c04af78f85647abb938159721b8f40b.jpeg
BGQD38SR,2025.8.23,와이셔츠,https://cloudfront.laundrygo.com/smartfactory/smartfactory_20250824064706_636c091aec774dcc885e8a7806de80af.jpeg
3MZWPFTC,2025.8.23,와이셔츠,https://cloudfront.laundrygo.com/smartfactory/smartfactory_20250824050005_021813090f38494181c52ad9e068251e.jpeg
3MZWPFTC,2025.8.23,와이셔츠,https://cloudfront.laundrygo.com/smartfactory/smartfactory_20250824050005_602e985ab9f8424698f320d464af3c1e.jpeg
3MZWPFTC,2025.8.23,와이셔츠,https://cloudfront.laundrygo.com/smartfactory/smartfactory_20250824050105_04dad1a68b42491baf754bdf95ea1d9e.jpeg
3MZWPFTC,2025.8.23,와이셔츠,https://cloudfront.laundrygo.com/smartfactory/smartfactory_20250824050105_aecba08275c545cd8d2adc455b80aa24.jpeg
3MZWPFTC,2025.8.23,와이셔츠,https://cloudfront.laundrygo.com/smartfactory/smartfactory_20250824050105_ce709f97d7654900bc42334deb79f130.jpeg
OP8M1AA3,2025.8.23,와이셔츠,https://cloudfront.laundrygo.com/smartfactory/smartfactory_20250824040204_2552367f84a04a7b9351a1e88d4c82f0.jpeg
OP8M1AA3,2025.8.23,와이셔츠,https://cloudfront.laundrygo.com/smartfactory/smartfactory_20250824040204_c43a0d0cc9a34c298f885fb8749b469e.jpeg
OP8M1AA3,2025.8.23,와이셔츠,https://cloudfront.laundrygo.com/smartfactory/smartfactory_20250824040204_4965b6b1e19844bbaef1f4cca0a3b0f9.jpeg
OP8M1AA3,2025.8.23,와이셔츠,https://cloudfront.laundrygo.com/smartfactory/smartfactory_20250824040204_e9b34fab7978463da49a276837029ffa.jpeg
OP8M1AA3,2025.8.23,와이셔츠,https://cloudfront.laundrygo.com/smartfactory/smartfactory_20250824040304_9a7b8629562d4959acd3a0bcefdd72b4.jpeg
OP8M1AA3,2025.8.23,와이셔츠,https://cloudfront.laundrygo.com/smartfactory/smartfactory_20250824040304_0e5a81114d8141c695619ae3b344f2ac.jpeg
UQAF7PCB,2025.8.24,와이셔츠,https://cloudfront.laundrygo.com/smartfactory/smartfactory_20250825052905_13ed852ef76a4f53a6c6dac62ef71bc0.jpeg
UQAF7PCB,2025.8.24,와이셔츠,https://cloudfront.laundrygo.com/smartfactory/smartfactory_20250825053305_c8993ce1a1ab41248ef6124e2848a799.jpeg
UQAF7PCB,2025.8.24,일반셔츠,https://cloudfront.laundrygo.com/smartfactory/smartfactory_20250825052805_73e17871058d48c09a92b00ed9d8e3a8.jpeg
UQAF7PCB,2025.8.24,일반셔츠,https://cloudfront.laundrygo.com/smartfactory/smartfactory_20250825052805_60c52eb6da2941a4989c7ac8a5906afa.jpeg
UQAF7PCB,2025.8.24,일반셔츠,https://cloudfront.laundrygo.com/smartfactory/smartfactory_20250825052805_2673c793d641405d9fe02579ddbd9187.jpeg
UQAF7PCB,2025.8.24,일반셔츠,https://cloudfront.laundrygo.com/smartfactory/smartfactory_20250825053205_5a1edd78bedc48078f34593e0f76462f.jpeg
UQAF7PCB,2025.8.24,일반셔츠,https://cloudfront.laundrygo.com/smartfactory/smartfactory_20250825053405_3b12323c575d4b81aa642dbbb06b10b7.jpeg
CF4EXSN3,2025.8.24,일반셔츠,https://cloudfront.laundrygo.com/smartfactory/smartfactory_20250825072107_5b900b7814404100a162c431bed4bd68.jpeg
CF4EXSN3,2025.8.24,일반셔츠,https://cloudfront.laundrygo.com/smartfactory/smartfactory_20250825072207_62c44628046e4de0aea069ed14761337.jpeg
CF4EXSN3,2025.8.24,일반셔츠,https://cloudfront.laundrygo.com/smartfactory/smartfactory_20250825072207_83b696dbc4744739911d95fba38a0956.jpeg
CF4EXSN3,2025.8.24,일반셔츠,https://cloudfront.laundrygo.com/smartfactory/smartfactory_20250825072307_d028917673db41d29d62082dd82a8626.jpeg
GVWBKFEI,2025.8.24,와이셔츠,https://cloudfront.laundrygo.com/smartfactory/smartfactory_20250825094309_5c27c4adcffc4caf9c63e103d9a56eb3.jpeg
GVWBKFEI,2025.8.24,일반셔츠,https://cloudfront.laundrygo.com/smartfactory/smartfactory_20250825094209_d3a9a2caf82e4960a1b8160978ff86b3.jpeg
9SL1YYE4,2025.8.25,와이셔츠,https://cloudfront.laundrygo.com/smartfactory/smartfactory_20250826055505_cf041dd66654419a9eb82618799729b3.jpeg
9SL1YYE4,2025.8.25,와이셔츠,https://cloudfront.laundrygo.com/smartfactory/smartfactory_20250826055505_78ddca20e45a4cbf92aa350aa69053d6.jpeg
9SL1YYE4,2025.8.25,와이셔츠,https://cloudfront.laundrygo.com/smartfactory/smartfactory_20250826055505_0712b80c532d438f8baf8364302c09ed.jpeg
9SL1YYE4,2025.8.25,와이셔츠,https://cloudfront.laundrygo.com/smartfactory/smartfactory_20250826055605_1a2aeabb435a4567a5314487d2597b89.jpeg
XHH0DT03,2025.8.25,와이셔츠,https://cloudfront.laundrygo.com/smartfactory/smartfactory_20250826042004_3589013980f646109499961df036a8a0.jpeg
K4H90WNS,2025.8.25,와이셔츠,https://cloudfront.laundrygo.com/smartfactory/smartfactory_20250826052005_a1589fe599c14e65884a84e99403db11.jpeg
R5LA935F,2025.8.25,와이셔츠,https://cloudfront.laundrygo.com/smartfactory/smartfactory_20250827004200_18b5d2bcf4c949d18b14feee047369f0.jpeg
R5LA935F,2025.8.25,와이셔츠,https://cloudfront.laundrygo.com/smartfactory/smartfactory_20250827004300_3fe12a345ceb4b39a5909eacda2a8eeb.jpeg
R5LA935F,2025.8.25,와이셔츠,https://cloudfront.laundrygo.com/smartfactory/smartfactory_20250827004300_2bc5ebe0fc114df6ad06f3c0f47e9e29.jpeg
R5LA935F,2025.8.25,일반셔츠,https://cloudfront.laundrygo.com/smartfactory/smartfactory_20250827004200_622f9bf215a74ca9ba042fa7d9202c95.jpeg
2Y5DSM48,2025.8.26,와이셔츠,https://cloudfront.laundrygo.com/smartfactory/smartfactory_20250827032803_f1b82bae451d4f15992a769e8ff5b034.jpeg
BU5VJDRB,2025.8.26,와이셔츠,https://cloudfront.laundrygo.com/smartfactory/smartfactory_20250827044304_0fb1bc4cf9e24e1d8cbcaa557a65e0ee.jpeg
MWZ1GY0S,2025.8.26,와이셔츠,https://cloudfront.laundrygo.com/smartfactory/smartfactory_20250827044204_f8506f34c7594f508718a70b2a3381ce.jpeg
IXRRIYAJ,2025.8.26,일반셔츠,https://cloudfront.laundrygo.com/smartfactory/smartfactory_20250827090009_37e0aba870d24d2e9ef2b83c66bf6f3d.jpeg
J8YGVZLD,2025.8.26,와이셔츠,https://cloudfront.laundrygo.com/smartfactory/smartfactory_20250827033603_8496b61c3996486a99e5d1613f6bc135.jpeg
0QEZ4TF1,2025.8.26,와이셔츠,https://cloudfront.laundrygo.com/smartfactory/smartfactory_20250827061306_8ce4a7df2000431bb680d3fa6183505c.jpeg
GGE6DSVW,2025.8.26,와이셔츠,https://cloudfront.laundrygo.com/smartfactory/smartfactory_20250827021202_a4756564fde94bacb039aef6df40a2b6.jpeg
GGE6DSVW,2025.8.26,와이셔츠,https://cloudfront.laundrygo.com/smartfactory/smartfactory_20250827021302_9b2cbf936c27443c919f6413e57df50f.jpeg
GGE6DSVW,2025.8.26,와이셔츠,https://cloudfront.laundrygo.com/smartfactory/smartfactory_20250827021302_48132542f7e84c4db6f7b02e5c5ad5fc.jpeg
QV78M8P9,2025.8.27,일반셔츠,https://cloudfront.laundrygo.com/smartfactory/smartfactory_20250828023002_6b6bebea004547f2a05071b49427e281.jpeg
QV78M8P9,2025.8.27,일반셔츠,https://cloudfront.laundrygo.com/smartfactory/smartfactory_20250828023102_d8393470d6ac4a928fe44f7fd5ef80a6.jpeg
QV78M8P9,2025.8.27,일반셔츠,https://cloudfront.laundrygo.com/smartfactory/smartfactory_20250828023102_8f05b319bbd040c48852cff415507aee.jpeg
QV78M8P9,2025.8.27,일반셔츠,https://cloudfront.laundrygo.com/smartfactory/smartfactory_20250828023202_e8eb2dd965464fcaa6c0ef72af944034.jpeg
QV78M8P9,2025.8.27,일반셔츠,https://cloudfront.laundrygo.com/smartfactory/smartfactory_20250828023202_74bec622404d43f88745f0a0dde8b38a.jpeg
PP5GIVG3,2025.8.27,와이셔츠,https://cloudfront.laundrygo.com/smartfactory/smartfactory_20250828002900_04a4e297f98a47658aa88996de13128f.jpeg
PP5GIVG3,2025.8.27,와이셔츠,https://cloudfront.laundrygo.com/smartfactory/smartfactory_20250828003000_6cdb84f6793147ddbaa0d7cb5eae067a.jpeg
PP5GIVG3,2025.8.27,와이셔츠,https://cloudfront.laundrygo.com/smartfactory/smartfactory_20250828003000_a9a7d63c76264c66b9ecd8efbe6d1bee.jpeg
PP5GIVG3,2025.8.27,일반셔츠,https://cloudfront.laundrygo.com/smartfactory/smartfactory_20250828003000_bb7aaf7024fc4017ae853bc843f5d52d.jpeg
6GS9JIYM,2025.8.27,일반셔츠,https://cloudfront.laundrygo.com/smartfactory/smartfactory_20250828163816_0300f020c2444d3f82df35b172f04fc0.jpeg
6GS9JIYM,2025.8.27,일반셔츠,https://cloudfront.laundrygo.com/smartfactory/smartfactory_20250828163916_eef5b0e4e5e7471093afa9399a01739d.jpeg
JJBXMWPT,2025.8.28,와이셔츠,https://cloudfront.laundrygo.com/smartfactory/smartfactory_20250829043504_6c63b4f9f7ee437abf40affb03de8cc7.jpeg
JJBXMWPT,2025.8.28,와이셔츠,https://cloudfront.laundrygo.com/smartfactory/smartfactory_20250829043504_3705dd17dd7140c589b03d5116b7bcc6.jpeg
ICNKZ2VE,2025.8.28,일반셔츠,https://cloudfront.laundrygo.com/smartfactory/smartfactory_20250829061306_c78eaf3e64a7491db66b2a1b4330e400.jpeg
ICNKZ2VE,2025.8.28,일반셔츠,https://cloudfront.laundrygo.com/smartfactory/smartfactory_20250829061406_6f9e77384945459293d0569f251c07c8.jpeg
ICNKZ2VE,2025.8.28,일반셔츠,https://cloudfront.laundrygo.com/smartfactory/smartfactory_20250829061406_128ecdc2a3354ddebabf147609d36565.jpeg
ICNKZ2VE,2025.8.28,일반셔츠,https://cloudfront.laundrygo.com/smartfactory/smartfactory_20250829061506_f65e67b26bee44f99ebc237da60c2b51.jpeg
SSVQUE6Q,2025.8.28,와이셔츠,https://cloudfront.laundrygo.com/smartfactory/smartfactory_20250829064906_46618446b5b04d57b680ed5011c367d4.jpeg
SSVQUE6Q,2025.8.28,와이셔츠,https://cloudfront.laundrygo.com/smartfactory/smartfactory_20250829065006_fc725d6d56724dcb815438fab9ab5356.jpeg
V7HCX6D0,2025.8.28,와이셔츠,https://cloudfront.laundrygo.com/smartfactory/smartfactory_20250829063906_a896caabdf744c4994fc117388f5926c.jpeg
V7HCX6D0,2025.8.28,와이셔츠,https://cloudfront.laundrygo.com/smartfactory/smartfactory_20250829064006_8475badef71049fe90113f5f1497f779.jpeg
W4JH9RHN,2025.8.28,와이셔츠,https://cloudfront.laundrygo.com/smartfactory/smartfactory_20250829031903_4dcb1a3783584ed4a98caf698b0d338d.jpeg
W4JH9RHN,2025.8.28,일반셔츠,https://cloudfront.laundrygo.com/smartfactory/smartfactory_20250829031903_874c37e454894db88530d0f0c5de3daa.jpeg
U2DTD8RO,2025.8.28,와이셔츠,https://cloudfront.laundrygo.com/smartfactory/smartfactory_20250829100810_ec15d4fef7bc4f4fb09ca348f94d1de6.jpeg
U2DTD8RO,2025.8.28,일반셔츠,https://cloudfront.laundrygo.com/smartfactory/smartfactory_20250829101110_0f4d659e6fc74f528c35a081dd9a30ab.jpeg
LUUGZBF5,2025.8.29,일반셔츠,https://cloudfront.laundrygo.com/smartfactory/smartfactory_20250830002500_f4aa08ada7fe41a5af3274d6f0d41f28.jpeg
LUUGZBF5,2025.8.29,일반셔츠,https://cloudfront.laundrygo.com/smartfactory/smartfactory_20250830002500_e80328bf5fd84c13bfd4854af6ea55d0.jpeg
LUUGZBF5,2025.8.29,일반셔츠,https://cloudfront.laundrygo.com/smartfactory/smartfactory_20250830002900_5cc59c26f7e449c091a47a0f5f42dc7b.jpeg
GSHKANZM,2025.8.29,와이셔츠,https://cloudfront.laundrygo.com/smartfactory/smartfactory_20250830075407_bcb06bc8cb7c4c238d7c5c578e407d38.jpeg
GSHKANZM,2025.8.29,일반셔츠,https://cloudfront.laundrygo.com/smartfactory/smartfactory_20250830075507_c41a02df7e22404ab85b892a980b9ea4.jpeg
GSHKANZM,2025.8.29,일반셔츠,https://cloudfront.laundrygo.com/smartfactory/smartfactory_20250830075507_0fcf40ec7fd34f9c9d702e4ca43276bc.jpeg
GSHKANZM,2025.8.29,일반셔츠,https://cloudfront.laundrygo.com/smartfactory/smartfactory_20250830075507_ef67c96c269847e8bb487aaeb281b872.jpeg
GSHKANZM,2025.8.29,일반셔츠,https://cloudfront.laundrygo.com/smartfactory/smartfactory_20250830075607_a765ac05bbb9400ebbcbc7276084d1f1.jpeg
XACKZLB8,2025.8.29,와이셔츠,https://cloudfront.laundrygo.com/smartfactory/smartfactory_20250830072407_d79a9199f1a244ee989f579ec34a431b.jpeg
XACKZLB8,2025.8.29,와이셔츠,https://cloudfront.laundrygo.com/smartfactory/smartfactory_20250830072407_26bc5b3306714858821592aaac96ee6e.jpeg
XACKZLB8,2025.8.29,일반셔츠,https://cloudfront.laundrygo.com/smartfactory/smartfactory_20250830072507_ccef2713cf024551a933fac8afb75593.jpeg
XACKZLB8,2025.8.29,일반셔츠,https://cloudfront.laundrygo.com/smartfactory/smartfactory_20250830072607_3bd8184128a547b082333aabd33ede91.jpeg
XACKZLB8,2025.8.29,일반셔츠,https://cloudfront.laundrygo.com/smartfactory/smartfactory_20250830072607_4e906de0b1554edeb37ed50b18fc3689.jpeg
MWZ1GY0S,2025.8.29,일반셔츠,https://cloudfront.laundrygo.com/smartfactory/smartfactory_20250830005300_638e2fc79e9041dabf93be90d89d41bf.jpeg
Y2T4QE83,2025.8.29,와이셔츠,https://cloudfront.laundrygo.com/smartfactory/smartfactory_20250830095009_5dc3a561ce9e41a4afbaee075b6ed9a4.jpeg
Y2T4QE83,2025.8.29,와이셔츠,https://cloudfront.laundrygo.com/smartfactory/smartfactory_20250830095209_62e6c96ee75643828f22f7225fe3b428.jpeg
Y2T4QE83,2025.8.29,와이셔츠,https://cloudfront.laundrygo.com/smartfactory/smartfactory_20250830095309_60ecae761f2b4feba0fc052e7d3ff1a8.jpeg
Y2T4QE83,2025.8.29,와이셔츠,https://cloudfront.laundrygo.com/smartfactory/smartfactory_20250830095509_7d57eeaafefd4c168fa047c500506977.jpeg
Y2T4QE83,2025.8.29,와이셔츠,https://cloudfront.laundrygo.com/smartfactory/smartfactory_20250830095709_0d7401a1975d4943b37410ddd9e19330.jpeg
MODQ3GT2,2025.8.29,와이셔츠,https://cloudfront.laundrygo.com/smartfactory/smartfactory_20250830050405_c69ce0548f8a4133855d2e0285cf5b0f.jpeg
MODQ3GT2,2025.8.29,와이셔츠,https://cloudfront.laundrygo.com/smartfactory/smartfactory_20250830050405_0439a7b273d94a858f4a9f0157fc80d5.jpeg
MODQ3GT2,2025.8.29,와이셔츠,https://cloudfront.laundrygo.com/smartfactory/smartfactory_20250830050505_4675972cc1e848e19bb6b594741879d8.jpeg
MODQ3GT2,2025.8.29,와이셔츠,https://cloudfront.laundrygo.com/smartfactory/smartfactory_20250830050505_ab12e3de8010403ea0a71e7905c311e3.jpeg
MODQ3GT2,2025.8.29,와이셔츠,https://cloudfront.laundrygo.com/smartfactory/smartfactory_20250830050605_de08647caf654d40be2ac04654dcb94d.jpeg
5FYSJ52V,2025.8.29,와이셔츠,https://cloudfront.laundrygo.com/smartfactory/smartfactory_20250830070607_4f4e485d48c74fba99724efdeba1d236.jpeg
J1MCKRAU,2025.8.29,와이셔츠,https://cloudfront.laundrygo.com/smartfactory/smartfactory_20250830051505_a18f41f54d9e43c1ba555675aac827fd.jpeg
J1MCKRAU,2025.8.29,와이셔츠,https://cloudfront.laundrygo.com/smartfactory/smartfactory_20250830051605_1304c50c65e6452c88f43177c5ea9d9f.jpeg
J1MCKRAU,2025.8.29,와이셔츠,https://cloudfront.laundrygo.com/smartfactory/smartfactory_20250830051605_89184f7d17ed46ed9694812d86ca53c1.jpeg
J1MCKRAU,2025.8.29,와이셔츠,https://cloudfront.laundrygo.com/smartfactory/smartfactory_20250830051705_2f072d342bcf4a0ab0b7245e9547b6c4.jpeg
J1MCKRAU,2025.8.29,와이셔츠,https://cloudfront.laundrygo.com/smartfactory/smartfactory_20250830051705_e4d9ee9090fa4373939870583300be6f.jpeg
YZZ7MWRL,2025.8.30,일반셔츠,https://cloudfront.laundrygo.com/smartfactory/smartfactory_20250831082008_9f199d97200241b5bdc6ce07b668a57a.jpeg
YZZ7MWRL,2025.8.30,일반셔츠,https://cloudfront.laundrygo.com/smartfactory/smartfactory_20250831082108_46c95e587b064e41ad17372d22481d46.jpeg
YZZ7MWRL,2025.8.30,일반셔츠,https://cloudfront.laundrygo.com/smartfactory/smartfactory_20250831082108_5fc6897ce95d46f8adf48ab5c6322970.jpeg
YZZ7MWRL,2025.8.30,일반셔츠,https://cloudfront.laundrygo.com/smartfactory/smartfactory_20250831082208_972861445f9b4b9a920ca2d066393e15.jpeg
YZZ7MWRL,2025.8.30,일반셔츠,https://cloudfront.laundrygo.com/smartfactory/smartfactory_20250831082208_f000c9451eb44fcbaf378e1b3f8b7685.jpeg
AZD3BJMZ,2025.8.30,와이셔츠,https://cloudfront.laundrygo.com/smartfactory/smartfactory_20250831061006_215d8bcfcafe48e8a8590a45130700c0.jpeg
AZD3BJMZ,2025.8.30,일반셔츠,https://cloudfront.laundrygo.com/smartfactory/smartfactory_20250831060906_7c6a841ec34f4a2bab0712e3545ab982.jpeg
AZD3BJMZ,2025.8.30,일반셔츠,https://cloudfront.laundrygo.com/smartfactory/smartfactory_20250831061006_8abfcd668dae49ab82f0d6a46a927738.jpeg
MVTHZ2WK,2025.8.30,와이셔츠,https://cloudfront.laundrygo.com/smartfactory/smartfactory_20250831093209_f528ed989f70483fbb16ebc2fdc28b00.jpeg
MVTHZ2WK,2025.8.30,와이셔츠,https://cloudfront.laundrygo.com/smartfactory/smartfactory_20250831093209_b7e9de4a2830452087a4af1b489ab68c.jpeg
MVTHZ2WK,2025.8.30,와이셔츠,https://cloudfront.laundrygo.com/smartfactory/smartfactory_20250831093309_52c657d7b7e04db1aab8d7b2a80c1667.jpeg
MVTHZ2WK,2025.8.30,일반셔츠,https://cloudfront.laundrygo.com/smartfactory/smartfactory_20250831093209_adcd8545d66348a095e81198bca17716.jpeg
MVTHZ2WK,2025.8.30,일반셔츠,https://cloudfront.laundrygo.com/smartfactory/smartfactory_20250831093309_a033f145c35d4637bbd12beddfb6e9d3.jpeg
GVRSSYRJ,2025.8.30,와이셔츠,https://cloudfront.laundrygo.com/smartfactory/smartfactory_20250831042104_95864704a06b44278dc85cc564bb0aad.jpeg
76K6BC89,2025.8.30,와이셔츠,https://cloudfront.laundrygo.com/smartfactory/smartfactory_20250831023502_516bf6df96e94f479a8fb518b24996a0.jpeg
76K6BC89,2025.8.30,와이셔츠,https://cloudfront.laundrygo.com/smartfactory/smartfactory_20250831023602_e07125b4c98044139958d702a13fad47.jpeg
76K6BC89,2025.8.30,와이셔츠,https://cloudfront.laundrygo.com/smartfactory/smartfactory_20250831023602_e72b3dd7c9c247ef91bbfe324bfcf5da.jpeg
76K6BC89,2025.8.30,와이셔츠,https://cloudfront.laundrygo.com/smartfactory/smartfactory_20250831023602_dc5dc3a9e7704645b03eabb9afcd223b.jpeg
76K6BC89,2025.8.30,와이셔츠,https://cloudfront.laundrygo.com/smartfactory/smartfactory_20250831023602_e65a303a79ee415584118e7274c51c90.jpeg
T8E6FEJW,2025.8.30,와이셔츠,https://cloudfront.laundrygo.com/smartfactory/smartfactory_20250831033803_8bc9b1bf4537421c80c30d29fed36ae4.jpeg
K4H90WNS,2025.8.30,와이셔츠,https://cloudfront.laundrygo.com/smartfactory/smartfactory_20250831001300_2c43f6dd73ce46179657e461c626953d.jpeg
R5LA935F,2025.8.30,와이셔츠,https://cloudfront.laundrygo.com/smartfactory/smartfactory_20250901004600_a16f8ce9fa5d4aeeac55da1fb10de374.jpeg
R5LA935F,2025.8.30,와이셔츠,https://cloudfront.laundrygo.com/smartfactory/smartfactory_20250901004700_10d35597f1f64ea3b9e4ec19e6a6ea3b.jpeg
R5LA935F,2025.8.30,일반셔츠,https://cloudfront.laundrygo.com/smartfactory/smartfactory_20250901004600_09e660f692124d7c90a400fcdbf9c980.jpeg
R5LA935F,2025.8.30,일반셔츠,https://cloudfront.laundrygo.com/smartfactory/smartfactory_20250901004700_39c610a8b150433bb8ce1da8df578909.jpeg
BGQD38SR,2025.8.30,와이셔츠,https://cloudfront.laundrygo.com/smartfactory/smartfactory_20250831003400_c670b98eb86d4674adeb413884f17044.jpeg
BGQD38SR,2025.8.30,와이셔츠,https://cloudfront.laundrygo.com/smartfactory/smartfactory_20250831003400_ba9a83b82f984245a16cecbdef32dc0c.jpeg
BGQD38SR,2025.8.30,와이셔츠,https://cloudfront.laundrygo.com/smartfactory/smartfactory_20250831003500_ef191d33099249e6886834efa9a5aaff.jpeg
BGQD38SR,2025.8.30,와이셔츠,https://cloudfront.laundrygo.com/smartfactory/smartfactory_20250831003500_6aa69b6be45c4210be885531ea92a3d4.jpeg
3MZWPFTC,2025.8.30,와이셔츠,https://cloudfront.laundrygo.com/smartfactory/smartfactory_20250831024902_c0b488d78b634c92bc3386b413a0d0d9.jpeg
3MZWPFTC,2025.8.30,와이셔츠,https://cloudfront.laundrygo.com/smartfactory/smartfactory_20250831025002_3a99aa86060344cea2f4bd2202bc38e5.jpeg
3MZWPFTC,2025.8.30,와이셔츠,https://cloudfront.laundrygo.com/smartfactory/smartfactory_20250831025002_a6b5a66280554aafa231409bc470b711.jpeg
3MZWPFTC,2025.8.30,와이셔츠,https://cloudfront.laundrygo.com/smartfactory/smartfactory_20250831025002_1b51789aba4446e9b734d83fba407892.jpeg
3MZWPFTC,2025.8.30,와이셔츠,https://cloudfront.laundrygo.com/smartfactory/smartfactory_20250831025002_40f521ad5ee14f75bb5d9513c323655b.jpeg
BUQT9RB3,2025.8.31,와이셔츠,https://cloudfront.laundrygo.com/smartfactory/smartfactory_20250901171617_a24d0caf2a944d59874dd70b3f065980.jpeg
BUQT9RB3,2025.8.31,와이셔츠,https://cloudfront.laundrygo.com/smartfactory/smartfactory_20250901171717_79d4990c320548ba9ee00d0f3fba208b.jpeg
BUQT9RB3,2025.8.31,일반셔츠,https://cloudfront.laundrygo.com/smartfactory/smartfactory_20250901171617_d45e405ac7a64ae59c927a4353ff8337.jpeg
ASJ4Q5WR,2025.8.31,일반셔츠,https://cloudfront.laundrygo.com/smartfactory/smartfactory_20250901042304_6290a58de0eb4d75b03f205aab3fa801.jpeg
ASJ4Q5WR,2025.8.31,일반셔츠,https://cloudfront.laundrygo.com/smartfactory/smartfactory_20250901042404_012b576997334ca78a02a487b0ff16a0.jpeg
ASJ4Q5WR,2025.8.31,일반셔츠,https://cloudfront.laundrygo.com/smartfactory/smartfactory_20250901042504_a5d5d56b7e3444c8862171df1a28cdb3.jpeg
ET8D4PJN,2025.8.31,일반셔츠,https://cloudfront.laundrygo.com/smartfactory/smartfactory_20250901084408_70100fca97a34effb9a8100d40dc27b2.jpeg
V7HCX6D0,2025.8.31,일반셔츠,https://cloudfront.laundrygo.com/smartfactory/smartfactory_20250901054805_0ae0f53b4ea747719ad18efc6e06c2d3.jpeg
V7HCX6D0,2025.8.31,일반셔츠,https://cloudfront.laundrygo.com/smartfactory/smartfactory_20250901054805_5cdef5e4badf4382af0aaf1877f043c6.jpeg
V7HCX6D0,2025.8.31,일반셔츠,https://cloudfront.laundrygo.com/smartfactory/smartfactory_20250901054905_48edaea85a9045d48997c0aea5162694.jpeg
U2DTD8RO,2025.8.31,일반셔츠,https://cloudfront.laundrygo.com/smartfactory/smartfactory_20250902101010_c869588ab2024d358175e2f6b2cab0ce.jpeg
U2DTD8RO,2025.8.31,일반셔츠,https://cloudfront.laundrygo.com/smartfactory/smartfactory_20250902101110_b5826b8b250346f8bb7dfd3fe0d68073.jpeg
OP8M1AA3,2025.8.31,와이셔츠,https://cloudfront.laundrygo.com/smartfactory/smartfactory_20250901043504_fcbdcfee4c124e189585833ac4a8a4e5.jpeg
OP8M1AA3,2025.8.31,와이셔츠,https://cloudfront.laundrygo.com/smartfactory/smartfactory_20250901043504_e1da56d1c48d4a8f812489ce85bdedd0.jpeg
OP8M1AA3,2025.8.31,와이셔츠,https://cloudfront.laundrygo.com/smartfactory/smartfactory_20250901043504_cff684d5ca9e484b843af7d4ce946552.jpeg
OP8M1AA3,2025.8.31,와이셔츠,https://cloudfront.laundrygo.com/smartfactory/smartfactory_20250901043604_ebc6fa3a884f495d9cf8e8cc682a013d.jpeg
OP8M1AA3,2025.8.31,와이셔츠,https://cloudfront.laundrygo.com/smartfactory/smartfactory_20250901043604_dde7101628cb4665ae0fe157d9a71a28.jpeg
OP8M1AA3,2025.8.31,와이셔츠,https://cloudfront.laundrygo.com/smartfactory/smartfactory_20250901043604_d786d6e908514071b1e27920100e8553.jpeg
CF4EXSN3,2025.9.1,일반셔츠,https://cloudfront.laundrygo.com/smartfactory/smartfactory_20250902032103_655787ff576a4723aec099ace1cb3b7a.jpeg
3ZJHQZX1,2025.9.1,일반셔츠,https://cloudfront.laundrygo.com/smartfactory/smartfactory_20250902063206_57f8063599ca4de5a9c65842eb0bbd80.jpeg
UQAF7PCB,2025.9.2,와이셔츠,https://cloudfront.laundrygo.com/smartfactory/smartfactory_20250903034003_23f5771576f74ac4bae6cfc1e544e5e1.jpeg
UQAF7PCB,2025.9.2,일반셔츠,https://cloudfront.laundrygo.com/smartfactory/smartfactory_20250903033903_391ecc3b238d497db98eb94ae980000e.jpeg
SSVQUE6Q,2025.9.2,와이셔츠,https://cloudfront.laundrygo.com/smartfactory/smartfactory_20250903045304_8386a2495db548e28f21658cfb0ff84f.jpeg
MODQ3GT2,2025.9.2,와이셔츠,https://cloudfront.laundrygo.com/smartfactory/smartfactory_20250903020102_4bbaf8628005449c901611227d220c14.jpeg
MODQ3GT2,2025.9.2,와이셔츠,https://cloudfront.laundrygo.com/smartfactory/smartfactory_20250903020102_32f45118ae0c4d8394d1036bce978374.jpeg
R5LA935F,2025.9.2,일반셔츠,https://cloudfront.laundrygo.com/smartfactory/smartfactory_20250904010001_4abda9a5e1844c0a84bc0b518cf17f54.jpeg
R5LA935F,2025.9.2,일반셔츠,https://cloudfront.laundrygo.com/smartfactory/smartfactory_20250904010101_d87c77b5f55c4708bfc6858ed4da98a1.jpeg
R5LA935F,2025.9.2,일반셔츠,https://cloudfront.laundrygo.com/smartfactory/smartfactory_20250904010101_668b6d6360764d769c81c612f02453db.jpeg
R5LA935F,2025.9.2,일반셔츠,https://cloudfront.laundrygo.com/smartfactory/smartfactory_20250904010101_6e39cdadca514e29a154ee360b2339b9.jpeg
EL2TR2R9,2025.9.3,일반셔츠,https://cloudfront.laundrygo.com/smartfactory/smartfactory_20250904004500_1d2a769893324bea9a80cae5de0eabf6.jpeg
EL2TR2R9,2025.9.3,일반셔츠,https://cloudfront.laundrygo.com/smartfactory/smartfactory_20250904085208_ad8f520ab92d4502af167d563f790a60.jpeg
EL2TR2R9,2025.9.3,일반셔츠,https://cloudfront.laundrygo.com/smartfactory/smartfactory_20250904085208_247d9daf0c6d45cab104993573c410dc.jpeg
HALU889P,2025.9.3,일반셔츠,https://cloudfront.laundrygo.com/smartfactory/smartfactory_20250904033203_3ee436bdd394433c8308134c0d43cc51.jpeg
T8E6FEJW,2025.9.3,일반셔츠,https://cloudfront.laundrygo.com/smartfactory/smartfactory_20250904021202_4a5b714844a84bd4a81c23a4dd37081b.jpeg
86BNR2K3,2025.9.3,와이셔츠,https://cloudfront.laundrygo.com/smartfactory/smartfactory_20250904002200_44028b3e623b4befa9b2cccd18e91903.jpeg
ET8D4PJN,2025.9.3,일반셔츠,https://cloudfront.laundrygo.com/smartfactory/smartfactory_20250904063606_66f77f6c39c24fdea4af81f8e1a42833.jpeg
W4JH9RHN,2025.9.3,와이셔츠,https://cloudfront.laundrygo.com/smartfactory/smartfactory_20250904044204_d663b9e0d9c849fb83bd95b8cd111e34.jpeg
W4JH9RHN,2025.9.3,일반셔츠,https://cloudfront.laundrygo.com/smartfactory/smartfactory_20250904044204_82da41aa568e447ab1cbfdcde7b9ac27.jpeg
FHKESRS8,2025.9.3,일반셔츠,https://cloudfront.laundrygo.com/smartfactory/smartfactory_20250904000800_9592bd52def7465682c1b2d9733350a2.jpeg
8L4ANES3,2025.9.4,일반셔츠,https://cloudfront.laundrygo.com/smartfactory/smartfactory_20250905010601_28cc4bf91cda453090087686c022473c.jpeg
X7PTBDGH,2025.9.4,일반셔츠,https://cloudfront.laundrygo.com/smartfactory/smartfactory_20250905001000_fb4639c608af4fff897890c81cb515b6.jpeg
Y2T4QE83,2025.9.4,와이셔츠,https://cloudfront.laundrygo.com/smartfactory/smartfactory_20250905090109_e45cb1c9dcb340939af745b01470b476.jpeg
Y2T4QE83,2025.9.4,와이셔츠,https://cloudfront.laundrygo.com/smartfactory/smartfactory_20250905090309_6be888544a2d41be9b41289f4c8825ab.jpeg
Y2T4QE83,2025.9.4,와이셔츠,https://cloudfront.laundrygo.com/smartfactory/smartfactory_20250905090409_5ff717db2fd5454887ec3ba85a21cd30.jpeg
Y2T4QE83,2025.9.4,와이셔츠,https://cloudfront.laundrygo.com/smartfactory/smartfactory_20250905090609_51039d46a42c42738e0b446bc33bc69e.jpeg
25RM4V07,2025.9.4,일반셔츠,https://cloudfront.laundrygo.com/smartfactory/smartfactory_20250905034403_14743cb3e0e94c018ad3cedca4e91101.jpeg
BGQD38SR,2025.9.4,와이셔츠,https://cloudfront.laundrygo.com/smartfactory/smartfactory_20250905005700_068c1a062c0f4ebf947075106b682389.jpeg
BGQD38SR,2025.9.4,와이셔츠,https://cloudfront.laundrygo.com/smartfactory/smartfactory_20250905005800_4bd26ef995eb4486ab3ea5eef9cd1089.jpeg
BGQD38SR,2025.9.4,와이셔츠,https://cloudfront.laundrygo.com/smartfactory/smartfactory_20250905005800_b14cf67c53ce4fce85a5dbe7d511bf90.jpeg
YZZ7MWRL,2025.9.5,와이셔츠,https://cloudfront.laundrygo.com/smartfactory/smartfactory_20250906002400_f001ff65a4f04a5bb80be29bb30453bf.jpeg
YZZ7MWRL,2025.9.5,일반셔츠,https://cloudfront.laundrygo.com/smartfactory/smartfactory_20250906002200_096465f1830d48bab6f47ed232c30a6b.jpeg
YZZ7MWRL,2025.9.5,일반셔츠,https://cloudfront.laundrygo.com/smartfactory/smartfactory_20250906002300_7ef2ec9766984a4dba3400fa92844734.jpeg
YZZ7MWRL,2025.9.5,일반셔츠,https://cloudfront.laundrygo.com/smartfactory/smartfactory_20250906002300_4c45a7d598f14d4cb4459d4a4b2d4418.jpeg
AZD3BJMZ,2025.9.5,와이셔츠,https://cloudfront.laundrygo.com/smartfactory/smartfactory_20250906134313_4272d03766fa46a5a082b35d5c121c26.jpeg
ASJ4Q5WR,2025.9.5,일반셔츠,https://cloudfront.laundrygo.com/smartfactory/smartfactory_20250906040904_ed2235f6b6eb4ea09f53cc53dd100b1d.jpeg
ASJ4Q5WR,2025.9.5,일반셔츠,https://cloudfront.laundrygo.com/smartfactory/smartfactory_20250906040904_fa68f0be0af14677b5815ee981331d94.jpeg
ASJ4Q5WR,2025.9.5,일반셔츠,https://cloudfront.laundrygo.com/smartfactory/smartfactory_20250906040904_08c7bfefc1394a229d84553570eb063a.jpeg
ASJ4Q5WR,2025.9.5,일반셔츠,https://cloudfront.laundrygo.com/smartfactory/smartfactory_20250906040904_3602ab23b550457a88bdb55155c36fa8.jpeg
XACKZLB8,2025.9.5,와이셔츠,https://cloudfront.laundrygo.com/smartfactory/smartfactory_20250906073807_466b7f40d6134599824b209fe56f8ce7.jpeg
XACKZLB8,2025.9.5,일반셔츠,https://cloudfront.laundrygo.com/smartfactory/smartfactory_20250906073707_286096da9a09404aa8fd967631425b85.jpeg
XACKZLB8,2025.9.5,일반셔츠,https://cloudfront.laundrygo.com/smartfactory/smartfactory_20250906073907_c3bfaeb5fd2d476fa3be3428026c5d11.jpeg
XACKZLB8,2025.9.5,일반셔츠,https://cloudfront.laundrygo.com/smartfactory/smartfactory_20250906074007_7ad494d0db7f4a45a629ec319e4b9feb.jpeg
XACKZLB8,2025.9.5,일반셔츠,https://cloudfront.laundrygo.com/smartfactory/smartfactory_20250906074107_4ecd8cd7efa843b5b81a9fe763626a8d.jpeg
RNBX7YSD,2025.9.5,와이셔츠,https://cloudfront.laundrygo.com/smartfactory/smartfactory_20250906032003_b19c7055ef4442369dbbf710f8e12242.jpeg
2Y5DSM48,2025.9.5,와이셔츠,https://cloudfront.laundrygo.com/smartfactory/smartfactory_20250906070607_fd371da90cc7412880b1990c30432bb4.jpeg
2Y5DSM48,2025.9.5,와이셔츠,https://cloudfront.laundrygo.com/smartfactory/smartfactory_20250906070707_641c613ad24c4e7bb32fc4f5712ac7af.jpeg
PP5GIVG3,2025.9.5,와이셔츠,https://cloudfront.laundrygo.com/smartfactory/smartfactory_20250906060106_7aec8ad24fad4c7bba5e459c4f7397c1.jpeg
PP5GIVG3,2025.9.5,와이셔츠,https://cloudfront.laundrygo.com/smartfactory/smartfactory_20250906060206_8be824ab3c0e41d79073a0347b500d20.jpeg
PP5GIVG3,2025.9.5,일반셔츠,https://cloudfront.laundrygo.com/smartfactory/smartfactory_20250906060006_9678c8de50f6482991d70cf09e0ca787.jpeg
PP5GIVG3,2025.9.5,일반셔츠,https://cloudfront.laundrygo.com/smartfactory/smartfactory_20250906060106_b60212c05d4341f89341c1eacd325100.jpeg
9SL1YYE4,2025.9.5,일반셔츠,https://cloudfront.laundrygo.com/smartfactory/smartfactory_20250906051005_37edbb2c300d49529d66b65ef0731484.jpeg
9SL1YYE4,2025.9.5,일반셔츠,https://cloudfront.laundrygo.com/smartfactory/smartfactory_20250906051005_7c6356f29c124459a0ec3ad5aab43f53.jpeg
9SL1YYE4,2025.9.5,일반셔츠,https://cloudfront.laundrygo.com/smartfactory/smartfactory_20250906051005_2a9d6f86f0e04ba0b2a1ebef9229c0ef.jpeg
BUQT9RB3,2025.9.6,와이셔츠,https://cloudfront.laundrygo.com/smartfactory/smartfactory_20250907045204_fbbe54686092461f8cf668bbf3f19015.jpeg
BUQT9RB3,2025.9.6,와이셔츠,https://cloudfront.laundrygo.com/smartfactory/smartfactory_20250907045304_ceee8075e3054064be4bf0493547286d.jpeg
GSHKANZM,2025.9.6,와이셔츠,https://cloudfront.laundrygo.com/smartfactory/smartfactory_20250907053405_7e0a95840fb34caa951088910c5a1f11.jpeg
GSHKANZM,2025.9.6,일반셔츠,https://cloudfront.laundrygo.com/smartfactory/smartfactory_20250907053405_f20902ca504d4ba492fcdcc73b416cbb.jpeg
GSHKANZM,2025.9.6,일반셔츠,https://cloudfront.laundrygo.com/smartfactory/smartfactory_20250907053505_20f2e1e04b494c55bf648cc7e35ad239.jpeg
MVTHZ2WK,2025.9.6,와이셔츠,https://cloudfront.laundrygo.com/smartfactory/smartfactory_20250907003800_2bb3d3d585ee4415bc53085d1eb6cb02.jpeg
MVTHZ2WK,2025.9.6,와이셔츠,https://cloudfront.laundrygo.com/smartfactory/smartfactory_20250907003900_90cccf39c3ec4c82bb07d3fc8bd36f4f.jpeg
MVTHZ2WK,2025.9.6,와이셔츠,https://cloudfront.laundrygo.com/smartfactory/smartfactory_20250907003900_4545ac5e008a44f59a8574b77a88de50.jpeg
MVTHZ2WK,2025.9.6,일반셔츠,https://cloudfront.laundrygo.com/smartfactory/smartfactory_20250907003800_4dc818206566445fbf14ad50165edf43.jpeg
MVTHZ2WK,2025.9.6,일반셔츠,https://cloudfront.laundrygo.com/smartfactory/smartfactory_20250907004000_cd24e0e7707c4343aa38378bcd116f3e.jpeg
ICNKZ2VE,2025.9.6,와이셔츠,https://cloudfront.laundrygo.com/smartfactory/smartfactory_20250907035203_2c618fb495604ad59ed210503a1a9866.jpeg
ICNKZ2VE,2025.9.6,일반셔츠,https://cloudfront.laundrygo.com/smartfactory/smartfactory_20250907035103_fc2b52a3818f45cea791a2259514e082.jpeg
ICNKZ2VE,2025.9.6,일반셔츠,https://cloudfront.laundrygo.com/smartfactory/smartfactory_20250907035203_499b3f86f86f46d092672e0ece879901.jpeg
ICNKZ2VE,2025.9.6,일반셔츠,https://cloudfront.laundrygo.com/smartfactory/smartfactory_20250907035203_2e4e59a99cae4121820dbb46fefa2eaf.jpeg
BU5VJDRB,2025.9.6,일반셔츠,https://cloudfront.laundrygo.com/smartfactory/smartfactory_20250907074107_cb24bad10eed4d5fbddbe9c4f3782a5d.jpeg
V7HCX6D0,2025.9.6,와이셔츠,https://cloudfront.laundrygo.com/smartfactory/smartfactory_20250907064906_c2735cb571274217ba6a22826fe64ba1.jpeg
V7HCX6D0,2025.9.6,와이셔츠,https://cloudfront.laundrygo.com/smartfactory/smartfactory_20250907065006_b2d5f47c41ac4f80b801b13e1908bf60.jpeg
V7HCX6D0,2025.9.6,와이셔츠,https://cloudfront.laundrygo.com/smartfactory/smartfactory_20250907065206_e300310b3ec5458c891978209ffcb736.jpeg
V7HCX6D0,2025.9.6,일반셔츠,https://cloudfront.laundrygo.com/smartfactory/smartfactory_20250907065106_299bc584478c4f029731ba0076e49781.jpeg
V7HCX6D0,2025.9.6,일반셔츠,https://cloudfront.laundrygo.com/smartfactory/smartfactory_20250907065206_6be797cda08a488e9934a6fd90900a07.jpeg
MODQ3GT2,2025.9.6,와이셔츠,https://cloudfront.laundrygo.com/smartfactory/smartfactory_20250907073207_d8dcbd2e6d33489b96052f69285a57d4.jpeg
MODQ3GT2,2025.9.6,와이셔츠,https://cloudfront.laundrygo.com/smartfactory/smartfactory_20250907073207_a7009e8f5a394a5b9af9d934a370ef2c.jpeg
MODQ3GT2,2025.9.6,와이셔츠,https://cloudfront.laundrygo.com/smartfactory/smartfactory_20250907073207_e8647d17852a4f77aca3740256f260f7.jpeg
MODQ3GT2,2025.9.6,와이셔츠,https://cloudfront.laundrygo.com/smartfactory/smartfactory_20250907073307_e7868e97fff843a3af2277aea8b897eb.jpeg
J1MCKRAU,2025.9.6,와이셔츠,https://cloudfront.laundrygo.com/smartfactory/smartfactory_20250907050705_e6544892a64640cda85610c943052d2e.jpeg
J1MCKRAU,2025.9.6,와이셔츠,https://cloudfront.laundrygo.com/smartfactory/smartfactory_20250907050705_cbe09940841a45baa2a5bc176326edcc.jpeg
J1MCKRAU,2025.9.6,와이셔츠,https://cloudfront.laundrygo.com/smartfactory/smartfactory_20250907050705_51dde39ee3cd44c0a88283b3143afc6f.jpeg
J1MCKRAU,2025.9.6,와이셔츠,https://cloudfront.laundrygo.com/smartfactory/smartfactory_20250907050805_59a9d4fb7fee4a998682ad9f9b72a4a1.jpeg
J1MCKRAU,2025.9.6,와이셔츠,https://cloudfront.laundrygo.com/smartfactory/smartfactory_20250907050805_f086d22131a341b09c86b2cabb5d0034.jpeg
R5LA935F,2025.9.6,와이셔츠,https://cloudfront.laundrygo.com/smartfactory/smartfactory_20250908015801_178829e8e0784cd0b5f9b4756b00d1a3.jpeg
R5LA935F,2025.9.6,와이셔츠,https://cloudfront.laundrygo.com/smartfactory/smartfactory_20250908015901_696f77ba04da477eac0d6602eb95d8ca.jpeg
R5LA935F,2025.9.6,와이셔츠,https://cloudfront.laundrygo.com/smartfactory/smartfactory_20250908015901_6f0527e68cab4b308c513f710828ade8.jpeg
R5LA935F,2025.9.6,일반셔츠,https://cloudfront.laundrygo.com/smartfactory/smartfactory_20250908020002_bcb18507d69b45aab49a111ee21304af.jpeg
BGQD38SR,2025.9.6,와이셔츠,https://cloudfront.laundrygo.com/smartfactory/smartfactory_20250907003900_9cba3641221d47bbbedfee8e368d0931.jpeg
BGQD38SR,2025.9.6,와이셔츠,https://cloudfront.laundrygo.com/smartfactory/smartfactory_20250907003900_89716fb9f0434cb8a7e395cb910ea7f9.jpeg
3MZWPFTC,2025.9.6,와이셔츠,https://cloudfront.laundrygo.com/smartfactory/smartfactory_20250907012601_dfc8d5337ef241b68899df78bbd621e2.jpeg
3MZWPFTC,2025.9.6,와이셔츠,https://cloudfront.laundrygo.com/smartfactory/smartfactory_20250907012601_a9407f9fadbc4e68b163455c073fcfac.jpeg
3MZWPFTC,2025.9.6,와이셔츠,https://cloudfront.laundrygo.com/smartfactory/smartfactory_20250907012701_90968db7f8a54e30af56c7bf80316596.jpeg
3MZWPFTC,2025.9.6,와이셔츠,https://cloudfront.laundrygo.com/smartfactory/smartfactory_20250907012701_ee1eaa4c1a7d4a0ebade65a2771ed4c5.jpeg
3MZWPFTC,2025.9.6,와이셔츠,https://cloudfront.laundrygo.com/smartfactory/smartfactory_20250907012701_51e3d58f89694e4988f13ad2991c216d.jpeg
LUUGZBF5,2025.9.7,일반셔츠,https://cloudfront.laundrygo.com/smartfactory/smartfactory_20250908064806_f0ab68aebf2d4b18b338a91f7f00e2f4.jpeg
JJBXMWPT,2025.9.7,일반셔츠,https://cloudfront.laundrygo.com/smartfactory/smartfactory_20250908043404_e11c2a8680324f2db0d4c408814980e2.jpeg
JJBXMWPT,2025.9.7,일반셔츠,https://cloudfront.laundrygo.com/smartfactory/smartfactory_20250908043404_bde67547ce1643fba62d50b19f54c2b0.jpeg
JJBXMWPT,2025.9.7,일반셔츠,https://cloudfront.laundrygo.com/smartfactory/smartfactory_20250908043404_f351999a73d74391a95a0df8573aeea2.jpeg
QV78M8P9,2025.9.7,와이셔츠,https://cloudfront.laundrygo.com/smartfactory/smartfactory_20250908015901_3a98258300be41bb966d9527fac9ed2d.jpeg
QV78M8P9,2025.9.7,일반셔츠,https://cloudfront.laundrygo.com/smartfactory/smartfactory_20250908015801_4618686aaf854533b04dd3e43f6f5235.jpeg
QV78M8P9,2025.9.7,일반셔츠,https://cloudfront.laundrygo.com/smartfactory/smartfactory_20250908015801_b90db0816efa4a998a1a82d558260748.jpeg
QV78M8P9,2025.9.7,일반셔츠,https://cloudfront.laundrygo.com/smartfactory/smartfactory_20250908015901_44a219499fcb488887de177892e71908.jpeg
76K6BC89,2025.9.7,와이셔츠,https://cloudfront.laundrygo.com/smartfactory/smartfactory_20250908084708_9d004710c7554f98b1e8203b22b1b7cf.jpeg
76K6BC89,2025.9.7,와이셔츠,https://cloudfront.laundrygo.com/smartfactory/smartfactory_20250908084708_a88f7be5e80d45f4b3d811e121706dc8.jpeg
76K6BC89,2025.9.7,와이셔츠,https://cloudfront.laundrygo.com/smartfactory/smartfactory_20250908084708_b96ef6db445c44ae9ffaa745fd1c8e52.jpeg
76K6BC89,2025.9.7,와이셔츠,https://cloudfront.laundrygo.com/smartfactory/smartfactory_20250908084908_51220f35e571448b9c4d64b351d6e09a.jpeg
76K6BC89,2025.9.7,와이셔츠,https://cloudfront.laundrygo.com/smartfactory/smartfactory_20250908084908_992aa8ce683d432f89e711cbf718e494.jpeg
76K6BC89,2025.9.7,와이셔츠,https://cloudfront.laundrygo.com/smartfactory/smartfactory_20250908084908_6a2b549d0399435ca2bba597a14ce848.jpeg
FPP9YBNG,2025.9.7,일반셔츠,https://cloudfront.laundrygo.com/smartfactory/smartfactory_20250908060706_528bdeccf6a04b258246bd2d70fb7d83.jpeg
FPP9YBNG,2025.9.7,일반셔츠,https://cloudfront.laundrygo.com/smartfactory/smartfactory_20250908060706_d728a4e6056f4fde8d79e97719d4b636.jpeg
XHH0DT03,2025.9.7,와이셔츠,https://cloudfront.laundrygo.com/smartfactory/smartfactory_20250908050905_9d36a27603ad4350a5d34c5f3a5c54b0.jpeg
CF4EXSN3,2025.9.7,와이셔츠,https://cloudfront.laundrygo.com/smartfactory/smartfactory_20250908060606_1a41350cf4db4e438bf1d755199fc719.jpeg
CF4EXSN3,2025.9.7,일반셔츠,https://cloudfront.laundrygo.com/smartfactory/smartfactory_20250908060606_d4bb55ee0387497192939c3c70b1557f.jpeg
CF4EXSN3,2025.9.7,일반셔츠,https://cloudfront.laundrygo.com/smartfactory/smartfactory_20250908060606_2ae03a2f795449cc9012c8500d46f96a.jpeg
CF4EXSN3,2025.9.7,일반셔츠,https://cloudfront.laundrygo.com/smartfactory/smartfactory_20250908060706_58cf02d772a34d3ebff71ad470b8dcd5.jpeg
CF4EXSN3,2025.9.7,일반셔츠,https://cloudfront.laundrygo.com/smartfactory/smartfactory_20250908060706_31399b02a9a240a99cd13405a1613774.jpeg
GVWBKFEI,2025.9.7,와이셔츠,https://cloudfront.laundrygo.com/smartfactory/smartfactory_20250908060506_e2aba49807b4491e9633fe723b2a0e91.jpeg
GVWBKFEI,2025.9.7,와이셔츠,https://cloudfront.laundrygo.com/smartfactory/smartfactory_20250908060506_328385fd657641b3ba565dff7ae70616.jpeg
GGE6DSVW,2025.9.7,와이셔츠,https://cloudfront.laundrygo.com/smartfactory/smartfactory_20250908053205_79c6421359664e8283601c630da31aa0.jpeg
GGE6DSVW,2025.9.7,일반셔츠,https://cloudfront.laundrygo.com/smartfactory/smartfactory_20250908053205_959a2af5c4544da48568646d908b2d55.jpeg
8L4ANES3,2025.9.8,일반셔츠,https://cloudfront.laundrygo.com/smartfactory/smartfactory_20250909011701_5c6788ef0e4b4b189552c88f7b6b016d.jpeg
GVRSSYRJ,2025.9.8,일반셔츠,https://cloudfront.laundrygo.com/smartfactory/smartfactory_20250909023102_b9269767d39c4d6686d5cb9f4a6918e3.jpeg
GVRSSYRJ,2025.9.8,일반셔츠,https://cloudfront.laundrygo.com/smartfactory/smartfactory_20250909023202_a18832872b5047dd86ae3a61ba275d93.jpeg
T8E6FEJW,2025.9.8,일반셔츠,https://cloudfront.laundrygo.com/smartfactory/smartfactory_20250909030603_539aae05a18a45b893b4ac03ee8e8366.jpeg
W4JH9RHN,2025.9.8,와이셔츠,https://cloudfront.laundrygo.com/smartfactory/smartfactory_20250909064906_6d6582e9ddf649ad86b24434c3c237af.jpeg
W4JH9RHN,2025.9.8,와이셔츠,https://cloudfront.laundrygo.com/smartfactory/smartfactory_20250909065006_dcb3461ffbee40d6b73faaaee9c30a9f.jpeg
W4JH9RHN,2025.9.8,일반셔츠,https://cloudfront.laundrygo.com/smartfactory/smartfactory_20250909064906_4a1cc90c1fbc45d1aebf075e3c9f0b37.jpeg
W4JH9RHN,2025.9.8,일반셔츠,https://cloudfront.laundrygo.com/smartfactory/smartfactory_20250909064906_c0fefc079563466ebbcd2e69a73260f5.jpeg
W4JH9RHN,2025.9.8,일반셔츠,https://cloudfront.laundrygo.com/smartfactory/smartfactory_20250909065006_a794b031f3d943d1a52fad8c791a4d51.jpeg
W4JH9RHN,2025.9.8,일반셔츠,https://cloudfront.laundrygo.com/smartfactory/smartfactory_20250909065006_670f4e09e6924bda8f65a96215e174bb.jpeg
U2DTD8RO,2025.9.8,와이셔츠,https://cloudfront.laundrygo.com/smartfactory/smartfactory_20250909164516_4284d132fc0f443a8e197d479c5998d9.jpeg
0QEZ4TF1,2025.9.8,일반셔츠,https://cloudfront.laundrygo.com/smartfactory/smartfactory_20250909005800_a683b7da574045a2bdd5317cef6a548f.jpeg
SSVQUE6Q,2025.9.9,와이셔츠,https://cloudfront.laundrygo.com/smartfactory/smartfactory_20250910051605_be0ceb6bbdad4f989cd44842eedf47fc.jpeg
SSVQUE6Q,2025.9.9,와이셔츠,https://cloudfront.laundrygo.com/smartfactory/smartfactory_20250910051705_eb8a3bc47a394120ba116acd93798594.jpeg
MWZ1GY0S,2025.9.9,일반셔츠,https://cloudfront.laundrygo.com/smartfactory/smartfactory_20250910035403_d7bf30ad2c224d39a9adcb61014ab4b4.jpeg
25RM4V07,2025.9.9,와이셔츠,https://cloudfront.laundrygo.com/smartfactory/smartfactory_20250910020202_ed567fb4cba24df6b33c7a79b3f884e6.jpeg
25RM4V07,2025.9.9,와이셔츠,https://cloudfront.laundrygo.com/smartfactory/smartfactory_20250910020202_12ec7ec27bda40e1a65b4c780a6e0803.jpeg
25RM4V07,2025.9.9,일반셔츠,https://cloudfront.laundrygo.com/smartfactory/smartfactory_20250910020202_03a33a36d60b42aa816f36b1727ba5dc.jpeg
25RM4V07,2025.9.9,일반셔츠,https://cloudfront.laundrygo.com/smartfactory/smartfactory_20250910020302_75d9a6c5849f46f69a94bf4076daa39d.jpeg
OP8M1AA3,2025.9.9,와이셔츠,https://cloudfront.laundrygo.com/smartfactory/smartfactory_20250910022502_e659a3ef82af4531967e4007fd08b937.jpeg
OP8M1AA3,2025.9.9,와이셔츠,https://cloudfront.laundrygo.com/smartfactory/smartfactory_20250910022502_04047cd9bee54a40af9a3bd37f457ae7.jpeg
OP8M1AA3,2025.9.9,와이셔츠,https://cloudfront.laundrygo.com/smartfactory/smartfactory_20250910022502_668758c9039c44ef8c7866bc137290bd.jpeg
OP8M1AA3,2025.9.9,와이셔츠,https://cloudfront.laundrygo.com/smartfactory/smartfactory_20250910022602_89ba257df8614fa6bd62d11badef9909.jpeg
OP8M1AA3,2025.9.9,와이셔츠,https://cloudfront.laundrygo.com/smartfactory/smartfactory_20250910022602_6c899fc65e40473ea97c6abaf0311dbd.jpeg
6FTJ6NJJ,2025.9.10,와이셔츠,https://cloudfront.laundrygo.com/smartfactory/smartfactory_20250911051905_632ccb2103254e1380f796efb8cf701b.jpeg
86BNR2K3,2025.9.10,와이셔츠,https://cloudfront.laundrygo.com/smartfactory/smartfactory_20250911014901_e443c535ef2340a3b05337458056d86e.jpeg
PP5GIVG3,2025.9.10,와이셔츠,https://cloudfront.laundrygo.com/smartfactory/smartfactory_20250911044304_42da1333501b4eb9a5a51c600a94e4d8.jpeg
9SL1YYE4,2025.9.10,와이셔츠,https://cloudfront.laundrygo.com/smartfactory/smartfactory_20250911042004_bfc339372dc94024a667e0d12f01ae90.jpeg
9SL1YYE4,2025.9.10,일반셔츠,https://cloudfront.laundrygo.com/smartfactory/smartfactory_20250911042104_3810abde2d3e4d46aef52559b6926944.jpeg
GVWBKFEI,2025.9.10,와이셔츠,https://cloudfront.laundrygo.com/smartfactory/smartfactory_20250911043304_36225999816e4392a18b9d61ab794462.jpeg
GVWBKFEI,2025.9.10,와이셔츠,https://cloudfront.laundrygo.com/smartfactory/smartfactory_20250911043404_18c40840a74c43f38157ac34d2af8660.jpeg
GVWBKFEI,2025.9.10,일반셔츠,https://cloudfront.laundrygo.com/smartfactory/smartfactory_20250911043204_1912557406fc4ac0965959ba5e1124f6.jpeg
MWZ1GY0S,2025.9.11,와이셔츠,https://cloudfront.laundrygo.com/smartfactory/smartfactory_20250912072607_946990f3fcee4b419ea7ee40d4dd924e.jpeg
W4JH9RHN,2025.9.11,와이셔츠,https://cloudfront.laundrygo.com/smartfactory/smartfactory_20250912044604_495e821e790b4485ac6095221f7810e9.jpeg
AZD3BJMZ,2025.9.12,와이셔츠,https://cloudfront.laundrygo.com/smartfactory/smartfactory_20250913161716_dae3785a79414f8eb3bd7624764a69fe.jpeg
AZD3BJMZ,2025.9.12,와이셔츠,https://cloudfront.laundrygo.com/smartfactory/smartfactory_20250913161816_4a6ad0cb69fb48baadf86b89ae410db4.jpeg
AZD3BJMZ,2025.9.12,와이셔츠,https://cloudfront.laundrygo.com/smartfactory/smartfactory_20250913161816_913442815d814e5785307229e558b668.jpeg
AZD3BJMZ,2025.9.12,와이셔츠,https://cloudfront.laundrygo.com/smartfactory/smartfactory_20250913161816_26480f63f9b04ed9acf1c9571a248703.jpeg
AZD3BJMZ,2025.9.12,일반셔츠,https://cloudfront.laundrygo.com/smartfactory/smartfactory_20250913161716_6b16e95eedb8435d9919cc77749db0b9.jpeg